PassengerId,Survived,Pclass,Name,Sex,Age,SibSp,Parch,Ticket,Fare,Cabin,Embarked
-1.705200812860655,-0.57186276940104,0.5647181360657391,-1.3939310108201155,0.5655903757298912,-0.7909584785990359,1.8285419603357638,0.0,0.9247860121878924,-0.5958431852730673,0.0,0.5483959332469494
-1.6974605409782255,1.7486712783337586,0.5647181360657391,-0.4202586617105282,-1.7680640316934417,-0.29000960663241027,-0.43295451957572234,0.0,1.7647080949420288,-0.5005361328664008,0.0,0.5483959332469494
-1.689720269095796,-0.57186276940104,0.5647181360657391,-1.7635290861964077,0.5655903757298912,0.8371253552924974,-0.43295451957572234,0.0,0.6313885723217214,-0.48288667871701796,0.0,0.5483959332469494
-1.6858501331545812,-0.57186276940104,0.5647181360657391,0.3785500818446841,0.5655903757298912,-0.03953517064909744,-0.43295451957572234,0.0,-0.5019309502985861,-0.42523650168347443,0.0,-0.8687746100385885
-1.6703695893897221,1.7486712783337586,-1.2961986747280732,0.4659818846218715,-1.7680640316934417,-1.7928562225322873,1.8285419603357638,0.0,-1.3245943601194186,2.6263541207447942,0.0,-2.285945153324126
-1.6587591815660778,-0.57186276940104,0.5647181360657391,1.074030331208675,0.5655903757298912,-1.0414329145823487,-0.43295451957572234,0.0,0.9938207039211091,-0.48288667871701796,0.0,0.5483959332469494
-1.651018909683648,-0.57186276940104,0.5647181360657391,1.5151635179481207,-1.7680640316934417,-1.7928562225322873,-0.43295451957572234,0.0,0.29196800463340594,-0.5105327836966111,0.0,0.5483959332469494
-1.6394085018600038,1.7486712783337586,-1.2961986747280732,1.6224661849928506,0.5655903757298912,-0.03953517064909744,-0.43295451957572234,0.0,-1.2152894315418254,0.21603170559853696,0.0,0.5483959332469494
-1.635538365918789,-0.57186276940104,0.5647181360657391,1.5111893450946121,-1.7680640316934417,0.3361764833258718,1.8285419603357638,0.0,-0.3523557848766166,0.9220098715738451,0.0,0.5483959332469494
-1.6316682299775742,1.7486712783337586,0.5647181360657391,0.2116348219973263,-1.7680640316934417,-0.03953517064909744,-0.43295451957572234,0.0,-1.0254440292754794,-0.5993730761029439,0.0,-2.285945153324126
-1.6277980940363594,-0.57186276940104,-1.2961986747280732,-0.7381924899912098,0.5655903757298912,0.8371253552924974,-0.43295451957572234,0.0,-1.284324123275042,2.051574937134338,0.0,0.5483959332469494
-1.62005782215393,1.7486712783337586,0.5647181360657391,0.25535072338592,-1.7680640316934417,-1.6676190045406307,-0.43295451957572234,0.0,-0.48467227736528196,-0.4858235478874754,0.0,-0.8687746100385885
-1.6045772783890708,-0.57186276940104,0.5647181360657391,-0.8693401941569909,0.5655903757298912,-0.03953517064909744,-0.43295451957572234,0.0,-1.0542084841643198,-0.5993730761029439,0.0,-2.285945153324126
-1.5968370065066413,1.7486712783337586,0.5647181360657391,0.5812328973736186,-1.7680640316934417,-0.03953517064909744,-0.43295451957572234,0.0,-0.4559078224764417,-0.5070028928667346,0.0,-0.8687746100385885
-1.5929668705654265,-0.57186276940104,0.5647181360657391,1.4078608509033905,0.5655903757298912,-0.03953517064909744,-0.43295451957572234,0.0,-0.0014294352327650476,-0.5046590453556965,0.0,0.5483959332469494
-1.5890967346242117,-0.57186276940104,-3.1571154855218855,1.4674734437060184,0.5655903757298912,1.4633114452507794,-0.43295451957572234,0.0,1.3562528355204968,2.2945443827364005,0.0,-2.285945153324126
-1.5813564627417822,1.7486712783337586,0.5647181360657391,-0.6746057243350735,-1.7680640316934417,-0.03953517064909744,-0.43295451957572234,0.0,-0.42714336758760135,-0.5252453686755365,0.0,-0.8687746100385885
-1.569746054918138,-0.57186276940104,-3.1571154855218855,-0.34474937749386636,0.5655903757298912,1.7137858812340923,1.8285419603357638,0.0,-1.8366016571407757,5.72266140020594,0.0,0.5483959332469494
-1.5658759189769231,1.7486712783337586,0.5647181360657391,0.18381561202276667,0.5655903757298912,-0.03953517064909744,-0.43295451957572234,0.0,-0.9218919916756544,-0.5987800544435247,0.0,-2.285945153324126
-1.5620057830357081,-0.57186276940104,0.5647181360657391,-1.290602516628894,0.5655903757298912,-0.9161956965906923,-0.43295451957572234,0.0,0.8730099933879798,-0.48288667871701796,0.0,0.5483959332469494
-1.5581356470944934,-0.57186276940104,0.5647181360657391,1.503240999387595,-1.7680640316934417,-1.2919073505656615,4.09003844024725,0.0,-0.3466028938988486,0.9220098715738451,0.0,0.5483959332469494
-1.5542655111532786,1.7486712783337586,0.5647181360657391,0.5176461317174823,-1.7680640316934417,-1.7928562225322873,1.8285419603357638,0.0,-1.0139382473199434,-0.03223257624833992,0.0,-2.285945153324126
-1.5503953752120638,-0.57186276940104,0.5647181360657391,-1.7953224690244758,-1.7680640316934417,1.4633114452507794,1.8285419603357638,0.0,0.8327397565436034,-0.2816829014140553,0.0,0.5483959332469494
-1.546525239270849,-0.57186276940104,-1.2961986747280732,1.4634992708525099,-1.7680640316934417,-0.16477238864075383,1.8285419603357638,0.0,-1.7790727473630952,1.3455967711590298,0.0,0.5483959332469494
-1.5426551033296343,-0.57186276940104,0.5647181360657391,-0.05066058633423596,0.5655903757298912,-0.03953517064909744,-0.43295451957572234,0.0,0.16540440312250865,-0.5046590453556965,0.0,-2.285945153324126
-1.5349148314472048,1.7486712783337586,0.5647181360657391,-0.9806170340552294,-1.7680640316934417,-1.1666701325740052,-0.43295451957572234,0.0,-0.4616607134542097,-0.5070028928667346,0.0,-0.8687746100385885
-1.53104469550599,-0.57186276940104,0.5647181360657391,0.9468567998964024,0.5655903757298912,-0.03953517064909744,-0.43295451957572234,0.0,1.46555776409809,-0.48288667871701796,0.0,0.5483959332469494
-1.5271745595647752,-0.57186276940104,0.5647181360657391,0.05664208071049405,0.5655903757298912,-0.03953517064909744,1.8285419603357638,0.0,0.5738596625440407,0.569020788586191,0.0,-0.8687746100385885
-1.5233044236235604,1.7486712783337586,0.5647181360657391,0.5772587245201101,-1.7680640316934417,-0.03953517064909744,-0.43295451957572234,0.0,-1.6467562548744297,-0.5252453686755365,0.0,-0.8687746100385885
-1.5194342876823457,-0.57186276940104,0.5647181360657391,1.0621078126481494,0.5655903757298912,-0.03953517064909744,4.09003844024725,0.0,-0.9909266834088711,1.441496845225116,0.0,-2.285945153324126
-1.515564151741131,-0.57186276940104,0.5647181360657391,-1.6721231105657117,-1.7680640316934417,-1.2919073505656615,1.8285419603357638,0.0,0.08486392943375583,0.8937707449348328,0.0,0.5483959332469494
-1.5078238798587014,-0.57186276940104,0.5647181360657391,0.5375169959850249,0.5655903757298912,-0.9161956965906923,-0.43295451957572234,0.0,0.9190331212101243,-0.5181855870157834,0.0,0.5483959332469494
-1.5000836079762718,1.7486712783337586,-1.2961986747280732,-0.8454951570359398,-1.7680640316934417,0.08570204734255897,1.8285419603357638,0.0,-0.7090350254982363,2.051574937134338,0.0,0.5483959332469494
-1.4884732001526275,1.7486712783337586,-1.2961986747280732,0.9865985284314875,-1.7680640316934417,-0.9161956965906923,-0.43295451957572234,0.0,1.1088785234764702,-0.1369573773891171,0.0,0.5483959332469494
-1.4846030642114127,-0.57186276940104,0.5647181360657391,0.5414911688385334,0.5655903757298912,0.02308343834673077,-0.43295451957572234,0.0,-0.8471044089646697,-0.5987800544435247,0.0,-2.285945153324126
-1.4729926563877684,-0.57186276940104,0.5647181360657391,1.1535137882788453,0.5655903757298912,-0.7909584785990359,-0.43295451957572234,0.0,-0.9506564465644947,-0.5987800544435247,0.0,-2.285945153324126
-1.4575121126229091,-0.57186276940104,-3.1571154855218855,1.2926098381516435,0.5655903757298912,-0.03953517064909744,-0.43295451957572234,0.0,1.373511508453801,2.2945443827364005,0.0,-2.285945153324126
-1.4459017047992648,-0.57186276940104,0.5647181360657391,-1.0879197010999595,0.5655903757298912,-1.1666701325740052,-0.43295451957572234,0.0,1.5000751099646983,-0.4675951916419928,0.0,0.5483959332469494
-1.4381614329168353,-0.57186276940104,0.5647181360657391,-0.07450562345528708,0.5655903757298912,-0.29000960663241027,4.09003844024725,0.0,-0.5306954051874264,-0.3964043533850429,0.0,0.5483959332469494
-1.4342912969756205,-0.57186276940104,-1.2961986747280732,-0.2493692290096619,0.5655903757298912,0.4614137013175282,-0.43295451957572234,0.0,1.1203843054320064,-0.1369573773891171,0.0,0.5483959332469494
-1.4226808891519762,-0.57186276940104,0.5647181360657391,-1.1832998495841638,0.5655903757298912,-0.29000960663241027,1.8285419603357638,0.0,-0.9103862097201183,0.42135839539079556,0.0,-2.285945153324126
-1.411070481328332,-0.57186276940104,0.5647181360657391,1.2687648010305923,0.5655903757298912,-0.03953517064909744,-0.43295451957572234,0.0,-0.04169967207714146,-0.5046590453556965,0.0,0.5483959332469494
-1.4072003453871171,-0.57186276940104,0.5647181360657391,0.4143176375262608,0.5655903757298912,-0.03953517064909744,-0.43295451957572234,0.0,0.6371414632994894,-0.48288667871701796,0.0,0.5483959332469494
-1.3994600735046876,1.7486712783337586,0.5647181360657391,-0.9369011326666357,-1.7680640316934417,0.2109392653342154,-0.43295451957572234,0.0,0.40127293321099905,0.14190399817112956,0.0,0.5483959332469494
-1.3955899375634728,-0.57186276940104,0.5647181360657391,1.5231118636551375,0.5655903757298912,-0.7909584785990359,-0.43295451957572234,0.0,-0.33509711194331243,-0.3487508271817095,0.0,0.5483959332469494
-1.391719801622258,1.7486712783337586,0.5647181360657391,1.105823714036743,0.5655903757298912,0.08570204734255897,-0.43295451957572234,0.0,-0.294826875098936,-0.2781530105841787,0.0,0.5483959332469494
-1.3878496656810433,1.7486712783337586,0.5647181360657391,0.23945403197188592,-1.7680640316934417,-0.03953517064909744,-0.43295451957572234,0.0,-0.4731664954097458,-0.5199505324307218,0.0,-0.8687746100385885
-1.3839795297398285,-0.57186276940104,-3.1571154855218855,-1.2627833066543344,0.5655903757298912,-0.03953517064909744,-0.43295451957572234,0.0,-1.9401536947406008,5.030802797550138,0.0,0.5483959332469494
-1.3801093937986135,1.7486712783337586,-1.2961986747280732,-0.2891109575447471,-1.7680640316934417,-1.4171445685573179,-0.43295451957572234,0.0,1.580615583653451,-0.1369573773891171,0.0,0.5483959332469494
-1.3684989859749692,-0.57186276940104,0.5647181360657391,1.2131263810814732,0.5655903757298912,-0.03953517064909744,-0.43295451957572234,0.0,1.666908948319972,-0.48288667871701796,0.0,0.5483959332469494
-1.3607587140925397,-0.57186276940104,0.5647181360657391,-1.230989923826266,0.5655903757298912,-0.540484042615723,-0.43295451957572234,0.0,-0.37536734878768885,-0.48288667871701796,0.0,0.5483959332469494
-1.356888578151325,-0.57186276940104,0.5647181360657391,-1.1912481952911809,0.5655903757298912,0.08570204734255897,-0.43295451957572234,0.0,-0.3696144578099208,-0.48288667871701796,0.0,0.5483959332469494
-1.3530184422101101,-0.57186276940104,0.5647181360657391,-1.6999423205402713,0.5655903757298912,-1.0414329145823487,-0.43295451957572234,0.0,-0.12224014576589427,-0.5105327836966111,0.0,0.5483959332469494
-1.337537898445251,-0.57186276940104,0.5647181360657391,1.1177462325972687,0.5655903757298912,-0.03953517064909744,-0.43295451957572234,0.0,0.6486472452550256,-0.48288667871701796,0.0,0.5483959332469494
-1.322057354680392,-0.57186276940104,-1.2961986747280732,-0.14604073481844043,0.5655903757298912,0.711888137300841,1.8285419603357638,0.0,-1.2210423225195934,2.051574937134338,0.0,0.5483959332469494
-1.3181872187391772,-0.57186276940104,0.5647181360657391,0.783915712902553,-1.7680640316934417,-0.03953517064909744,-0.43295451957572234,0.0,0.12513416627813223,-0.5046590453556965,0.0,0.5483959332469494
-1.3143170827979624,-0.57186276940104,0.5647181360657391,0.7918640586095701,0.5655903757298912,-0.03953517064909744,-0.43295451957572234,0.0,-0.007182326210533106,-0.5046590453556965,0.0,0.5483959332469494
-1.306576810915533,-0.57186276940104,0.5647181360657391,-0.21360167332808525,0.5655903757298912,0.5866509193091846,-0.43295451957572234,0.0,0.8212339745880674,-0.3975762771405619,0.0,0.5483959332469494
-1.3027066749743181,-0.57186276940104,0.5647181360657391,-0.5831997487043775,0.5655903757298912,1.0875997912758102,4.09003844024725,0.0,-0.6745176796316279,-0.5005361328664008,0.0,0.5483959332469494
-1.2988365390331034,-0.57186276940104,0.5647181360657391,0.3308600076025819,0.5655903757298912,-0.03953517064909744,-0.43295451957572234,0.0,-0.04745256305490952,-0.5046590453556965,0.0,0.5483959332469494
-1.2949664030918886,1.7486712783337586,0.5647181360657391,1.0541594669411323,-1.7680640316934417,-0.9161956965906923,-0.43295451957572234,0.0,-0.3811202397654569,-0.5393649319950427,0.0,0.5483959332469494
-1.2910962671506736,1.7486712783337586,0.5647181360657391,0.39842094611222667,0.5655903757298912,-0.03953517064909744,-0.43295451957572234,0.0,-0.6227416608317153,-0.52171547784566,0.0,0.5483959332469494
-1.2872261312094588,-0.57186276940104,0.5647181360657391,0.8594249971192149,0.5655903757298912,1.2128370092674667,-0.43295451957572234,0.0,0.14814573018920446,-0.5046590453556965,0.0,0.5483959332469494
-1.283355995268244,1.7486712783337586,0.5647181360657391,0.37060173613766706,-1.7680640316934417,-0.03953517064909744,1.8285419603357638,0.0,0.6141298993884172,1.7903630157234738,0.0,-0.8687746100385885
-1.2756157233858145,-0.57186276940104,0.5647181360657391,1.6820787777954784,-1.7680640316934417,-1.730237613536459,1.8285419603357638,0.0,-0.973668010475567,0.42135839539079556,0.0,-2.285945153324126
-1.2717455874445998,-0.57186276940104,0.5647181360657391,-1.5568720978139647,0.5655903757298912,-0.7909584785990359,-0.43295451957572234,0.0,-0.5076838412763542,-0.48288667871701796,0.0,0.5483959332469494
-1.267875451503385,-0.57186276940104,0.5647181360657391,-0.16591159908598302,-1.7680640316934417,-1.0414329145823487,1.8285419603357638,0.0,0.7406935008993145,-0.23226442979578377,0.0,0.5483959332469494
-1.2640053155621702,-0.57186276940104,0.5647181360657391,-1.6403297277376436,-1.7680640316934417,-1.4171445685573179,-0.43295451957572234,0.0,-1.071467157097624,0.42193729748689524,0.0,-2.285945153324126
-1.2601351796209554,-0.57186276940104,0.5647181360657391,0.7401998115139593,0.5655903757298912,-0.9161956965906923,-0.43295451957572234,0.0,1.7474494220087247,-0.5005361328664008,0.0,0.5483959332469494
-1.252394907738526,-0.57186276940104,-1.2961986747280732,1.4595250979990013,0.5655903757298912,0.08570204734255897,1.8285419603357638,0.0,-1.7790727473630952,1.3455967711590298,0.0,0.5483959332469494
-1.2369143639736668,-0.57186276940104,0.5647181360657391,0.3666275632841585,0.5655903757298912,-0.03953517064909744,-0.43295451957572234,0.0,1.0225851588099493,-0.48288667871701796,0.0,0.5483959332469494
-1.233044228032452,-0.57186276940104,-1.2961986747280732,0.46200771176836297,0.5655903757298912,0.5240323103133564,1.8285419603357638,0.0,-1.3245943601194186,2.6263541207447942,0.0,-2.285945153324126
-1.2214338202088078,1.7486712783337586,0.5647181360657391,0.5136719588639738,0.5655903757298912,-2.0433306585156,1.8285419603357638,0.0,-1.0139382473199434,-0.03223257624833992,0.0,-2.285945153324126
-1.217563684267593,-0.57186276940104,0.5647181360657391,0.26329906909293704,0.5655903757298912,-0.03953517064909744,-0.43295451957572234,0.0,0.5796125535218088,-0.5252453686755365,0.0,-0.8687746100385885
-1.2136935483263782,1.7486712783337586,0.5647181360657391,0.15997057490171554,0.5655903757298912,-0.540484042615723,-0.43295451957572234,0.0,1.0283380497877175,-0.6111346723480925,0.0,0.5483959332469494
-1.2059532764439487,-0.57186276940104,0.5647181360657391,-0.8931852312780421,0.5655903757298912,2.0894975352090617,-0.43295451957572234,0.0,-0.2545566382545596,-0.6346719844017094,0.0,0.5483959332469494
-1.2020831405027337,-0.57186276940104,0.5647181360657391,-0.9289527869596187,0.5655903757298912,0.5866509193091846,-0.43295451957572234,0.0,0.10212260236706,-0.5046590453556965,0.0,-2.285945153324126
-1.198213004561519,-0.57186276940104,0.5647181360657391,-1.1674031581701299,0.5655903757298912,-1.0414329145823487,-0.43295451957572234,0.0,1.5978742565867552,-0.6240823119120796,0.0,0.5483959332469494
-1.1943428686203041,-0.57186276940104,0.5647181360657391,0.9389084541893853,-1.7680640316934417,2.3399719711923743,1.8285419603357638,0.0,1.005326485876645,0.42782515539112936,0.0,0.5483959332469494
-1.1904727326790894,1.7486712783337586,-1.2961986747280732,1.5588794193367144,-1.7680640316934417,0.08570204734255897,1.8285419603357638,0.0,-1.4454050706525476,2.051574937134338,0.0,0.5483959332469494
-1.1866025967378746,-0.57186276940104,-1.2961986747280732,1.2449197639095413,0.5655903757298912,-0.41524682462406665,-0.43295451957572234,0.0,1.091619850543166,0.21603170559853696,0.0,0.5483959332469494
-1.1827324607966598,-0.57186276940104,-1.2961986747280732,0.8991667256543001,0.5655903757298912,-0.6657212606073795,-0.43295451957572234,0.0,1.5403453468090746,0.504889731988994,0.0,-2.285945153324126
-1.1711220529730155,-0.57186276940104,0.5647181360657391,0.6328971444692293,0.5655903757298912,-1.5423817865489744,-0.43295451957572234,0.0,0.8154810836102993,-0.31815373346833975,0.0,0.5483959332469494
-1.1595116451493712,1.7486712783337586,0.5647181360657391,0.5494395145455504,-1.7680640316934417,-0.7909584785990359,-0.43295451957572234,0.0,-0.1740161645658068,-0.5252453686755365,0.0,0.5483959332469494
-1.1556415092081564,1.7486712783337586,0.5647181360657391,-0.5553805387298179,-1.7680640316934417,-0.540484042615723,1.8285419603357638,0.0,1.7589552039642609,0.6184392602044625,0.0,0.5483959332469494
-1.1517713732669417,-0.57186276940104,0.5647181360657391,-1.3621376279920472,0.5655903757298912,-1.1666701325740052,-0.43295451957572234,0.0,0.43579027907760737,-0.6664410018705982,0.0,-0.8687746100385885
-1.147901237325727,-0.57186276940104,-1.2961986747280732,-1.695968147686763,0.5655903757298912,-1.2919073505656615,-0.43295451957572234,0.0,-1.4051348338081713,0.004238255805944529,0.0,0.5483959332469494
-1.1401609654432974,1.7486712783337586,0.5647181360657391,-1.7078906662472884,0.5655903757298912,-0.16477238864075383,-0.43295451957572234,0.0,0.24594487681126145,-0.5187786086752028,0.0,0.5483959332469494
-1.128550557619653,-0.57186276940104,-1.2961986747280732,-1.3422667637245047,0.5655903757298912,1.7137858812340923,-0.43295451957572234,0.0,-1.2383009954528976,0.21603170559853696,0.0,0.5483959332469494
-1.1246804216784383,-0.57186276940104,-1.2961986747280732,-1.5528979249604562,0.5655903757298912,2.840920843159,-0.43295451957572234,0.0,1.49432221898693,0.14896377983088274,0.0,0.5483959332469494
-1.109199877913579,-0.57186276940104,0.5647181360657391,0.6090521073481782,0.5655903757298912,-0.03953517064909744,-0.43295451957572234,0.0,1.2124305610762953,-0.587018458198376,0.0,0.5483959332469494
-1.1014596060311495,1.7486712783337586,0.5647181360657391,-0.6825540700420905,-1.7680640316934417,-1.5423817865489744,-0.43295451957572234,0.0,0.3207324595222462,-0.527603335749894,0.0,-0.8687746100385885
-1.0975894700899347,-0.57186276940104,0.5647181360657391,-1.1038163925139934,0.5655903757298912,0.2109392653342154,-0.43295451957572234,0.0,1.678414730275508,-0.48288667871701796,0.0,0.5483959332469494
-1.09371933414872,-0.57186276940104,0.5647181360657391,1.2250488996419986,0.5655903757298912,-0.03953517064909744,-0.43295451957572234,0.0,-0.5997300969206432,-0.3964043533850429,0.0,0.5483959332469494
-1.0821089263250756,1.7486712783337586,-1.2961986747280732,1.5429827279226802,-1.7680640316934417,1.4633114452507794,-0.43295451957572234,0.0,1.1318900873875424,0.6043196968849563,0.0,0.5483959332469494
-1.0782387903838608,-0.57186276940104,0.5647181360657391,-1.4972595050113369,0.5655903757298912,-0.29000960663241027,-0.43295451957572234,0.0,-0.22579218336571932,-0.52171547784566,0.0,0.5483959332469494
-1.074368654442646,-0.57186276940104,0.5647181360657391,-1.3104733808964366,0.5655903757298912,-1.4171445685573179,-0.43295451957572234,0.0,-0.5594598600762667,-0.3964043533850429,0.0,0.5483959332469494
-1.0550179747365722,-0.57186276940104,-3.1571154855218855,-1.5489237521069477,0.5655903757298912,-0.03953517064909744,-0.43295451957572234,0.0,1.2296892340095995,2.0409852646447084,0.0,0.5483959332469494
-1.0356672950304984,-0.57186276940104,0.5647181360657391,1.165436306839371,0.5655903757298912,-0.9161956965906923,-0.43295451957572234,0.0,1.7071791851643483,-0.5005361328664008,0.0,0.5483959332469494
-1.0163166153244243,-0.57186276940104,-1.2961986747280732,-0.5514063658763093,0.5655903757298912,0.2109392653342154,-0.43295451957572234,0.0,-1.1117373939420003,0.21603170559853696,0.0,0.5483959332469494
-1.0124464793832095,-0.57186276940104,0.5647181360657391,0.06061625356400257,0.5655903757298912,0.9623625732841539,-0.43295451957572234,0.0,1.2181834520540633,-1.619511525937264,0.0,0.5483959332469494
-1.00470620750078,-0.57186276940104,-1.2961986747280732,0.7600706757815019,0.5655903757298912,-0.03953517064909744,-0.43295451957572234,0.0,1.5345924558313067,0.5054827536484133,0.0,-2.285945153324126
-0.9853555277947061,1.7486712783337586,0.5647181360657391,0.5653362059595844,-1.7680640316934417,-0.03953517064909744,1.8285419603357638,0.0,0.5566009896107367,0.569020788586191,0.0,-0.8687746100385885
-0.9814853918534914,1.7486712783337586,-3.1571154855218855,0.9508309727499108,0.5655903757298912,2.0894975352090617,-0.43295451957572234,0.0,-2.0206941684293533,2.1292325353916217,0.0,0.5483959332469494
-0.9737451199710618,-0.57186276940104,0.5647181360657391,1.4476025794384757,0.5655903757298912,0.9623625732841539,-0.43295451957572234,0.0,0.13663994823366835,-0.5046590453556965,0.0,0.5483959332469494
-0.9698749840298471,1.7486712783337586,-1.2961986747280732,0.8157090957306212,-1.7680640316934417,0.4614137013175282,-0.43295451957572234,0.0,-1.382123269897099,0.21603170559853696,0.0,0.5483959332469494
-0.9660048480886323,-0.57186276940104,-1.2961986747280732,-1.2826541709218768,0.5655903757298912,-1.1666701325740052,-0.43295451957572234,0.0,-0.7780697172314529,0.21603170559853696,0.0,0.5483959332469494
-0.9621347121474175,1.7486712783337586,0.5647181360657391,-1.743658221928865,-1.7680640316934417,-1.1666701325740052,1.8285419603357638,0.0,0.2516977677890295,-0.5105327836966111,0.0,0.5483959332469494
-0.9466541683825583,-0.57186276940104,0.5647181360657391,0.2950924519210052,0.5655903757298912,-0.03953517064909744,-0.43295451957572234,0.0,0.5163307527663602,-0.5252453686755365,0.0,-0.8687746100385885
-0.9389138965001288,1.7486712783337586,0.5647181360657391,0.15202222919469852,-1.7680640316934417,-0.03953517064909744,-0.43295451957572234,0.0,0.5681067715662728,-0.5252453686755365,0.0,-0.8687746100385885
-0.935043760558914,-0.57186276940104,-1.2961986747280732,1.67810460494197,-1.7680640316934417,-0.540484042615723,-0.43295451957572234,0.0,-1.163513412741913,0.21603170559853696,0.0,0.5483959332469494
-0.9311736246176993,-0.57186276940104,0.5647181360657391,1.4913184808270694,0.5655903757298912,-0.03953517064909744,-0.43295451957572234,0.0,-0.32359132998777634,-0.2781530105841787,0.0,0.5483959332469494
-0.9234333527352697,-0.57186276940104,0.5647181360657391,-0.22155001903510227,0.5655903757298912,0.711888137300841,-0.43295451957572234,0.0,-0.6917763525649321,-0.7023329318287828,0.0,0.5483959332469494
-0.919563216794055,-0.57186276940104,0.5647181360657391,1.6661820863814443,0.5655903757298912,2.1521161442048897,-0.43295451957572234,0.0,-1.0657142661198558,-0.5993730761029439,0.0,-2.285945153324126
-0.9156930808528402,1.7486712783337586,0.5647181360657391,-1.1634289853166213,0.5655903757298912,-1.2919073505656615,-0.43295451957572234,0.0,0.9650562490322687,-0.48288667871701796,0.0,0.5483959332469494
-0.9079528089704105,-0.57186276940104,0.5647181360657391,-1.620458863470101,0.5655903757298912,0.4614137013175282,1.8285419603357638,0.0,-0.6630118976760918,0.6184392602044625,0.0,0.5483959332469494
-0.9040826730291958,1.7486712783337586,0.5647181360657391,-1.7873741233174587,0.5655903757298912,-0.29000960663241027,-0.43295451957572234,0.0,-0.8413515179869016,1.0332014327149563,0.0,-2.285945153324126
-0.900212537087981,1.7486712783337586,0.5647181360657391,-1.266757479507843,-1.7680640316934417,-1.5423817865489744,-0.43295451957572234,0.0,0.4760605159219838,-0.5252453686755365,0.0,-0.8687746100385885
-0.8924722652055515,-0.57186276940104,0.5647181360657391,-1.7754516047569333,0.5655903757298912,-0.540484042615723,-0.43295451957572234,0.0,1.6093800385422914,-0.6240823119120796,0.0,0.5483959332469494
-0.8886021292643367,1.7486712783337586,-1.2961986747280732,-1.3025250351894195,-1.7680640316934417,0.8371253552924974,-0.43295451957572234,0.0,1.1951718881429911,1.3455967711590298,0.0,0.5483959332469494
-0.8847319933231219,-0.57186276940104,0.5647181360657391,0.7560965029279935,0.5655903757298912,-0.7909584785990359,-0.43295451957572234,0.0,0.9420446851211965,-0.5958431852730673,0.0,0.5483959332469494
-0.8808618573819071,-0.57186276940104,-1.2961986747280732,-0.678579897188582,0.5655903757298912,0.2109392653342154,-0.43295451957572234,0.0,-1.1462547398086087,0.21603170559853696,0.0,0.5483959332469494
-0.8769917214406924,-0.57186276940104,0.5647181360657391,-0.08642814201581263,0.5655903757298912,-0.03953517064909744,1.8285419603357638,0.0,0.4645547339664477,-0.5252453686755365,0.0,-0.8687746100385885
-0.8692514495582628,1.7486712783337586,0.5647181360657391,-0.3328268589333408,-1.7680640316934417,-0.16477238864075383,-0.43295451957572234,0.0,1.770460985919797,-0.5005361328664008,0.0,0.5483959332469494
-0.865381313617048,-0.57186276940104,-1.2961986747280732,-0.27321426613071303,0.5655903757298912,1.7137858812340923,1.8285419603357638,0.0,-1.267065450341738,2.1927705703293996,0.0,0.5483959332469494
-0.8576410417346184,-0.57186276940104,-1.2961986747280732,-0.47987125451315604,0.5655903757298912,0.2109392653342154,-0.43295451957572234,0.0,1.8222370047197094,-0.1369573773891171,0.0,0.5483959332469494
-0.8537709057934036,1.7486712783337586,0.5647181360657391,1.320429048126203,0.5655903757298912,-1.5423817865489744,-0.43295451957572234,0.0,1.67266183929774,-0.48288667871701796,0.0,0.5483959332469494
-0.8499007698521889,-0.57186276940104,-1.2961986747280732,-1.405853529380641,0.5655903757298912,-0.16477238864075383,-0.43295451957572234,0.0,-1.479922416519156,0.21603170559853696,0.0,0.5483959332469494
-0.8460306339109741,-0.57186276940104,0.5647181360657391,-0.6070447858254286,0.5655903757298912,2.840920843159,-0.43295451957572234,0.0,-1.4971810894524602,-0.48288667871701796,0.0,0.5483959332469494
-0.8421604979697593,-0.57186276940104,0.5647181360657391,0.4858527488894141,0.5655903757298912,-0.03953517064909744,-0.43295451957572234,0.0,0.07335814747821971,-0.5046590453556965,0.0,0.5483959332469494
-0.8344202260873298,-0.57186276940104,0.5647181360657391,-1.4932853321578283,0.5655903757298912,-0.7909584785990359,-0.43295451957572234,0.0,1.4540519821425537,-0.299332355563438,0.0,0.5483959332469494
-0.830550090146115,1.7486712783337586,-1.2961986747280732,0.28714410621398817,0.5655903757298912,-1.1666701325740052,-0.43295451957572234,0.0,1.781966767875333,-0.1369573773891171,0.0,0.5483959332469494
-0.8266799542049003,-0.57186276940104,0.5647181360657391,0.13215136492715593,0.5655903757298912,-0.9788143055865205,-0.43295451957572234,0.0,0.9362917941434284,-0.5958431852730673,0.0,0.5483959332469494
-0.8228098182636854,-0.57186276940104,-1.2961986747280732,-0.8574176755964653,0.5655903757298912,-1.2919073505656615,-0.43295451957572234,0.0,-1.364864596963795,0.21603170559853696,0.0,0.5483959332469494
-0.8111994104400411,-0.57186276940104,0.5647181360657391,0.004977833614883305,0.5655903757298912,0.08570204734255897,-0.43295451957572234,0.0,-0.2315450743434874,-0.52171547784566,0.0,0.5483959332469494
-0.7995890026163968,-0.57186276940104,-1.2961986747280732,0.08048711783154516,0.5655903757298912,-0.540484042615723,-0.43295451957572234,0.0,1.1031256324987022,-0.1369573773891171,0.0,0.5483959332469494
-0.795718866675182,-0.57186276940104,0.5647181360657391,-0.5156388101947327,-1.7680640316934417,-0.03953517064909744,-0.43295451957572234,0.0,1.8107312227641734,-0.5534844953145489,0.0,0.5483959332469494
-0.7918487307339672,-0.57186276940104,-1.2961986747280732,-0.3526977232008834,0.5655903757298912,1.9642603172174051,1.8285419603357638,0.0,-0.9449035555867267,2.051574937134338,0.0,0.5483959332469494
-0.7841084588515377,-0.57186276940104,-1.2961986747280732,0.7521223300744849,0.5655903757298912,-1.1666701325740052,-0.43295451957572234,0.0,-0.7550581533203807,-0.1369573773891171,0.0,0.5483959332469494
-0.7802383229103229,-0.57186276940104,-1.2961986747280732,-0.30103347610527265,0.5655903757298912,0.5866509193091846,-0.43295451957572234,0.0,1.574862692675683,0.11366487153211732,0.0,0.5483959332469494
-0.776368186969108,-0.57186276940104,0.5647181360657391,1.686052950648987,-1.7680640316934417,-0.03953517064909744,1.8285419603357638,0.0,-0.973668010475567,0.42135839539079556,0.0,-2.285945153324126
-0.7724980510278933,1.7486712783337586,0.5647181360657391,0.4302143289402948,-1.7680640316934417,-0.03953517064909744,1.8285419603357638,0.0,0.47030762494421574,0.569020788586191,0.0,-0.8687746100385885
-0.7686279150866785,-0.57186276940104,-1.2961986747280732,-1.1515064667560957,0.5655903757298912,0.08570204734255897,-0.43295451957572234,0.0,1.7934725498308692,-0.1369573773891171,0.0,0.5483959332469494
-0.7647577791454637,-0.57186276940104,0.5647181360657391,0.16394474775522408,0.5655903757298912,-0.7909584785990359,-0.43295451957572234,0.0,1.7014262941865803,-0.61349263942245,0.0,0.5483959332469494
-0.760887643204249,-0.57186276940104,0.5647181360657391,-1.636355554884135,0.5655903757298912,0.2109392653342154,-0.43295451957572234,0.0,-0.8586101909202057,-0.5993730761029439,0.0,-2.285945153324126
-0.7531473713218194,-0.57186276940104,0.5647181360657391,0.0884354635385622,-1.7680640316934417,-0.41524682462406665,-0.43295451957572234,0.0,-0.2142864014101832,-0.52171547784566,0.0,0.5483959332469494
-0.7415369634981751,-0.57186276940104,-1.2961986747280732,-1.2389382695332831,0.5655903757298912,3.2166324971339693,1.8285419603357638,0.0,-1.2555596683862018,2.051574937134338,0.0,0.5483959332469494
-0.7376668275569603,-0.57186276940104,0.5647181360657391,0.8514766514121979,0.5655903757298912,-0.03953517064909744,-0.43295451957572234,0.0,0.34374402343331845,-0.5958431852730673,0.0,0.5483959332469494
-0.7260564197333159,-0.57186276940104,0.5647181360657391,0.11228050065961331,0.5655903757298912,0.2109392653342154,1.8285419603357638,0.0,0.9995735948988771,0.6537381685032282,0.0,0.5483959332469494
-0.6989654681448125,-0.57186276940104,0.5647181360657391,1.2409455910560327,0.5655903757298912,-0.03953517064909744,-0.43295451957572234,0.0,0.688917482099402,-0.5252453686755365,0.0,-0.8687746100385885
-0.6834849243799533,-0.57186276940104,0.5647181360657391,-0.40833614315000266,-1.7680640316934417,-0.03953517064909744,-0.43295451957572234,0.0,0.6659059181883298,-0.5252453686755365,0.0,-0.8687746100385885
-0.6796147884387386,-0.57186276940104,-1.2961986747280732,0.8554508242657064,0.5655903757298912,0.9623625732841539,-0.43295451957572234,0.0,1.0571025046765576,-0.1369573773891171,0.0,0.5483959332469494
-0.671874516556309,1.7486712783337586,0.5647181360657391,0.768019021488519,0.5655903757298912,-0.41524682462406665,1.8285419603357638,0.0,-0.16251038261027068,-0.52171547784566,0.0,0.5483959332469494
-0.6602641087326647,-0.57186276940104,-3.1571154855218855,-1.3263700723104705,0.5655903757298912,-0.03953517064909744,-0.43295451957572234,0.0,-1.8135900932297035,2.757553103109646,0.0,0.5483959332469494
-0.65639397279145,1.7486712783337586,0.5647181360657391,1.4237575423174247,0.5655903757298912,-0.41524682462406665,-0.43295451957572234,0.0,1.2181834520540633,-1.619511525937264,0.0,0.5483959332469494
-0.6447835649678056,1.7486712783337586,0.5647181360657391,-0.4321811802710538,-1.7680640316934417,-0.03953517064909744,-0.43295451957572234,0.0,0.5911183354773449,-0.5252453686755365,0.0,-0.8687746100385885
-0.637043293085376,-0.57186276940104,0.5647181360657391,0.09240963639207073,-1.7680640316934417,2.0894975352090617,-0.43295451957572234,0.0,-0.20853351043241516,-0.5252453686755365,0.0,0.5483959332469494
-0.6331731571441612,-0.57186276940104,-1.2961986747280732,0.6964839101253656,0.5655903757298912,-0.03953517064909744,-0.43295451957572234,0.0,-1.3073356871861144,-1.619511525937264,0.0,0.5483959332469494
-0.6176926133793021,-0.57186276940104,0.5647181360657391,0.6170004530551952,0.5655903757298912,-0.03953517064909744,-0.43295451957572234,0.0,-0.12799303674366233,-0.5105327836966111,0.0,0.5483959332469494
-0.6138224774380874,-0.57186276940104,0.5647181360657391,1.701949642063021,0.5655903757298912,-1.5423817865489744,-0.43295451957572234,0.0,-0.3005797660767041,-0.2781530105841787,0.0,0.5483959332469494
-0.6099523414968726,1.7486712783337586,0.5647181360657391,-0.9448494783736527,0.5655903757298912,-1.1666701325740052,-0.43295451957572234,0.0,0.9823149219655729,-0.48288667871701796,0.0,0.5483959332469494
-0.6022120696144431,-0.57186276940104,0.5647181360657391,1.2727389738841008,0.5655903757298912,0.5866509193091846,-0.43295451957572234,0.0,0.09061682041152389,-0.3964043533850429,0.0,-2.285945153324126
-0.5983419336732282,1.7486712783337586,0.5647181360657391,1.6979754692095124,0.5655903757298912,0.2109392653342154,-0.43295451957572234,0.0,-0.3120855480322402,-0.2781530105841787,0.0,0.5483959332469494
-0.5944717977320134,-0.57186276940104,0.5647181360657391,0.4421368475008204,0.5655903757298912,-0.7909584785990359,-0.43295451957572234,0.0,-0.053205454032677575,-0.5046590453556965,0.0,0.5483959332469494
-0.5906016617907986,1.7486712783337586,-1.2961986747280732,-0.32090434037281523,0.5655903757298912,1.7137858812340923,-0.43295451957572234,0.0,-1.3130885781638824,0.21603170559853696,0.0,0.5483959332469494
-0.5867315258495839,1.7486712783337586,0.5647181360657391,-1.1197130839280276,-1.7680640316934417,-0.7909584785990359,-0.43295451957572234,0.0,0.585365444499577,-0.5252453686755365,0.0,-0.8687746100385885
-0.5712509820847248,-0.57186276940104,0.5647181360657391,-0.571277230143852,-1.7680640316934417,-0.540484042615723,-0.43295451957572234,0.0,0.07911103845598777,-0.3699301721609688,0.0,0.5483959332469494
-0.56738084614351,-0.57186276940104,0.5647181360657391,0.32688583474907335,0.5655903757298912,-0.540484042615723,-0.43295451957572234,0.0,0.06760525650045165,-0.5046590453556965,0.0,0.5483959332469494
-0.5635107102022953,-0.57186276940104,-3.1571154855218855,0.07651294497803665,0.5655903757298912,-0.03953517064909744,-0.43295451957572234,0.0,1.4022759633426412,2.2945443827364005,0.0,-2.285945153324126
-0.5596405742610805,-0.57186276940104,0.5647181360657391,-0.5355096744622753,0.5655903757298912,-0.6031026516115513,-0.43295451957572234,0.0,-0.8643630818979738,-0.5987800544435247,0.0,-2.285945153324126
-0.5441600304962213,1.7486712783337586,0.5647181360657391,-0.11027317913686374,-1.7680640316934417,-0.03953517064909744,-0.43295451957572234,0.0,0.8672571024102118,-0.5252453686755365,0.0,-0.8687746100385885
-0.5402898945550065,1.7486712783337586,0.5647181360657391,0.2354798591183774,0.5655903757298912,-0.03953517064909744,4.09003844024725,0.0,0.45304895201091155,1.6632869458479185,0.0,-0.8687746100385885
-0.5364197586137918,-0.57186276940104,0.5647181360657391,-0.18975663620703412,0.5655903757298912,-1.1666701325740052,-0.43295451957572234,0.0,1.2181834520540633,-1.619511525937264,0.0,0.5483959332469494
-0.5286794867313622,-0.57186276940104,0.5647181360657391,1.626440357846359,0.5655903757298912,-0.03953517064909744,-0.43295451957572234,0.0,0.9477975760989646,-0.48288667871701796,0.0,0.5483959332469494
-0.5131989429665031,-0.57186276940104,-1.2961986747280732,-1.81121916043851,0.5655903757298912,0.2109392653342154,1.8285419603357638,0.0,1.2239363430318313,1.7691836707442148,0.0,-2.285945153324126
-0.4938482632604292,-0.57186276940104,0.5647181360657391,-0.4123103160035112,0.5655903757298912,-0.03953517064909744,-0.43295451957572234,0.0,0.11362838432259612,-0.5046590453556965,0.0,0.5483959332469494
-0.48610799137799965,1.7486712783337586,0.5647181360657391,0.5216203045709907,-1.7680640316934417,-0.29000960663241027,-0.43295451957572234,0.0,-0.11073436381035816,-0.5105327836966111,0.0,0.5483959332469494
-0.4822378554367849,1.7486712783337586,-1.2961986747280732,-0.1420665619649319,-1.7680640316934417,-0.540484042615723,1.8285419603357638,0.0,-1.2210423225195934,2.051574937134338,0.0,0.5483959332469494
-0.4783677194955701,-0.57186276940104,-1.2961986747280732,0.3825242546981926,0.5655903757298912,3.2166324971339693,-0.43295451957572234,0.0,-0.7493052623426126,0.3572273387935986,0.0,0.5483959332469494
-0.46675731167192575,-0.57186276940104,0.5647181360657391,-0.9845912069087379,0.5655903757298912,-0.7909584785990359,-0.43295451957572234,0.0,0.9305389031656605,-0.5958431852730673,0.0,0.5483959332469494
-0.462887175730711,-0.57186276940104,0.5647181360657391,-1.0283071082973316,0.5655903757298912,-0.16477238864075383,-0.43295451957572234,0.0,0.015829237700539126,-0.5046590453556965,0.0,0.5483959332469494
-0.4590170397894962,1.7486712783337586,-1.2961986747280732,1.2051780353744561,-1.7680640316934417,0.2109392653342154,-0.43295451957572234,0.0,-1.370617487941563,0.12425454402174685,0.0,-0.8687746100385885
-0.42805595225977794,1.7486712783337586,0.5647181360657391,0.2315056862648689,-1.7680640316934417,-0.03953517064909744,4.09003844024725,0.0,0.45304895201091155,1.6632869458479185,0.0,-0.8687746100385885
-0.41644554443613363,-0.57186276940104,0.5647181360657391,1.5072151722411036,0.5655903757298912,-1.5423817865489744,4.09003844024725,0.0,-0.3466028938988486,0.9220098715738451,0.0,0.5483959332469494
-0.4087052725537041,-0.57186276940104,0.5647181360657391,-0.9885653797622465,0.5655903757298912,-0.03953517064909744,-0.43295451957572234,0.0,0.04459369258937942,-0.5046590453556965,0.0,0.5483959332469494
-0.3970948647300597,1.7486712783337586,0.5647181360657391,-1.0601004911253997,0.5655903757298912,2.0894975352090617,-0.43295451957572234,0.0,0.8499984294769076,-0.48288667871701796,0.0,0.5483959332469494
-0.3816143209652006,-0.57186276940104,-1.2961986747280732,-1.1475322939025872,0.5655903757298912,-0.03953517064909744,-0.43295451957572234,0.0,-1.1692663037196809,0.21603170559853696,0.0,0.5483959332469494
-0.3777441850239858,-0.57186276940104,-1.2961986747280732,1.089927022622709,0.5655903757298912,-0.41524682462406665,-0.43295451957572234,0.0,-1.2267952134973614,0.21603170559853696,0.0,0.5483959332469494
-0.37387404908277105,-0.57186276940104,-1.2961986747280732,-0.7819083913798035,0.5655903757298912,0.9623625732841539,-0.43295451957572234,0.0,-1.4396521796747797,0.21603170559853696,0.0,0.5483959332469494
-0.3661337772003415,1.7486712783337586,-1.2961986747280732,1.2290230724955071,-1.7680640316934417,1.4633114452507794,-0.43295451957572234,0.0,-0.6054829878984112,0.21603170559853696,0.0,0.5483959332469494
-0.3622636412591267,1.7486712783337586,0.5647181360657391,-1.000487898322772,-1.7680640316934417,-0.03953517064909744,1.8285419603357638,0.0,0.6946703730771701,0.6537381685032282,0.0,0.5483959332469494
-0.35452336937669715,-0.57186276940104,0.5647181360657391,-0.9686945154947039,0.5655903757298912,1.7137858812340923,-0.43295451957572234,0.0,-0.5767185330095709,-0.3964043533850429,0.0,0.5483959332469494
-0.3506532334354824,-0.57186276940104,0.5647181360657391,0.5931554159341441,0.5655903757298912,-0.6657212606073795,-0.43295451957572234,0.0,0.8097281926325312,-0.3169818097128207,0.0,0.5483959332469494
-0.339042825611838,-0.57186276940104,0.5647181360657391,-1.6760972834192203,0.5655903757298912,-0.41524682462406665,1.8285419603357638,0.0,0.08486392943375583,0.8937707449348328,0.0,0.5483959332469494
-0.33517268967062325,-0.57186276940104,0.5647181360657391,1.6701562592349528,0.5655903757298912,-0.03953517064909744,-0.43295451957572234,0.0,-1.0369498112310156,-0.5993730761029439,0.0,-2.285945153324126
-0.3313025537294085,-0.57186276940104,0.5647181360657391,1.495292653680578,0.5655903757298912,-0.03953517064909744,-0.43295451957572234,0.0,-0.2775682021656318,-0.2781530105841787,0.0,0.5483959332469494
-0.32356228184697894,-0.57186276940104,-1.2961986747280732,-0.7501150085517353,-1.7680640316934417,1.2128370092674667,-0.43295451957572234,0.0,-1.3303472510971865,0.21603170559853696,0.0,0.5483959332469494
-0.31969214590576417,1.7486712783337586,0.5647181360657391,0.2513765505324115,-1.7680640316934417,-0.03953517064909744,-0.43295451957572234,0.0,-0.4789193863875139,-0.5070028928667346,0.0,-0.8687746100385885
-0.31582200996454934,1.7486712783337586,0.5647181360657391,0.34278252616310745,-1.7680640316934417,-0.03953517064909744,-0.43295451957572234,0.0,-0.44440204052090554,-0.5070028928667346,0.0,-0.8687746100385885
-0.3080817380821198,-0.57186276940104,-1.2961986747280732,1.7059238149165294,0.5655903757298912,0.08570204734255897,1.8285419603357638,0.0,1.5576040197423788,2.2945443827364005,0.0,-2.285945153324126
-0.30034146619969027,-0.57186276940104,0.5647181360657391,-1.6641747648586946,0.5655903757298912,0.8371253552924974,-0.43295451957572234,0.0,1.6036271475645232,-0.6240823119120796,0.0,0.5483959332469494
-0.29647133025847544,-0.57186276940104,0.5647181360657391,0.5573878602525675,0.5655903757298912,-0.03953517064909744,1.8285419603357638,0.0,0.5566009896107367,0.569020788586191,0.0,-0.8687746100385885
-0.29260119431726067,-0.57186276940104,0.5647181360657391,-1.8032708147314929,0.5655903757298912,0.2109392653342154,-0.43295451957572234,0.0,1.0455967227210217,-0.5958431852730673,0.0,0.5483959332469494
-0.28486092243483113,1.7486712783337586,0.5647181360657391,0.41034346467275223,-1.7680640316934417,-0.03953517064909744,-0.43295451957572234,0.0,-1.077220048075392,-0.5987800544435247,0.0,-2.285945153324126
-0.28099078649361636,1.7486712783337586,0.5647181360657391,-0.23347253759562783,-1.7680640316934417,-0.03953517064909744,-0.43295451957572234,0.0,-1.6352504729188937,-0.5252453686755365,0.0,-0.8687746100385885
-0.269380378669972,-0.57186276940104,0.5647181360657391,1.6065694935788164,0.5655903757298912,-1.2919073505656615,1.8285419603357638,0.0,-0.680270570609396,-0.7023329318287828,0.0,0.5483959332469494
-0.26551024272875723,-0.57186276940104,0.5647181360657391,-1.5250787149858966,0.5655903757298912,-1.1666701325740052,-0.43295451957572234,0.0,-0.5134367322541222,-0.48288667871701796,0.0,0.5483959332469494
-0.2500296989638981,1.7486712783337586,0.5647181360657391,-0.018867203506167808,-1.7680640316934417,-0.7909584785990359,-0.43295451957572234,0.0,1.0513496136987897,-0.5958431852730673,0.0,0.5483959332469494
-0.24228942708146856,-0.57186276940104,0.5647181360657391,-1.4853369864508112,0.5655903757298912,-1.0414329145823487,-0.43295451957572234,0.0,-1.0311969202532476,-1.0529640477420792,0.0,-2.285945153324126
-0.2384192911402538,-0.57186276940104,0.5647181360657391,-0.5752514029973604,0.5655903757298912,-1.1666701325740052,-0.43295451957572234,0.0,-0.22003929238795128,-0.52171547784566,0.0,0.5483959332469494
-0.22680888331660945,-0.57186276940104,0.5647181360657391,1.3999125051963734,0.5655903757298912,0.4614137013175282,-0.43295451957572234,0.0,1.7416965310309567,-0.5005361328664008,0.0,0.5483959332469494
-0.22293874737539465,1.7486712783337586,-3.1571154855218855,-0.3407752046403579,-1.7680640316934417,0.8371253552924974,1.8285419603357638,0.0,-1.8366016571407757,5.72266140020594,0.0,0.5483959332469494
-0.21906861143417988,-0.57186276940104,0.5647181360657391,0.8196832685841298,0.5655903757298912,-0.03953517064909744,-0.43295451957572234,0.0,0.050346583567147475,-0.5046590453556965,0.0,0.5483959332469494
-0.20745820361053555,1.7486712783337586,-1.2961986747280732,-1.3541892822850303,-1.7680640316934417,0.9623625732841539,-0.43295451957572234,0.0,-0.8183399540758294,0.21603170559853696,0.0,0.5483959332469494
-0.20358806766932078,-0.57186276940104,0.5647181360657391,1.0183919112595556,0.5655903757298912,-0.03953517064909744,-0.43295451957572234,0.0,0.4875662978775199,-0.5281822378459938,0.0,-0.8687746100385885
-0.19971793172810598,1.7486712783337586,-1.2961986747280732,0.036771216442951456,-1.7680640316934417,-1.4171445685573179,-0.43295451957572234,0.0,1.5115808919202343,0.07483607240347534,0.0,-2.285945153324126
-0.19197765984567644,1.7486712783337586,0.5647181360657391,-0.26129174757018747,0.5655903757298912,-0.9161956965906923,-0.43295451957572234,0.0,0.22293331290018922,-0.5187786086752028,0.0,0.5483959332469494
-0.18810752390446164,-0.57186276940104,0.5647181360657391,-0.579225575850869,0.5655903757298912,-0.03953517064909744,4.09003844024725,0.0,-0.6687647886538598,-0.5005361328664008,0.0,0.5483959332469494
-0.1764971160808173,-0.57186276940104,0.5647181360657391,-0.21757584618159376,0.5655903757298912,-0.7909584785990359,-0.43295451957572234,0.0,0.27470933170010176,-0.5187786086752028,0.0,0.5483959332469494
-0.17262698013960254,-0.57186276940104,0.5647181360657391,0.6130262802016867,-1.7680640316934417,0.3361764833258718,-0.43295451957572234,0.0,0.297720895611174,-0.5105327836966111,0.0,0.5483959332469494
-0.16875684419838777,-0.57186276940104,-1.2961986747280732,0.2593248962394285,0.5655903757298912,2.2147347532007178,-0.43295451957572234,0.0,-0.783822608209221,2.051574937134338,0.0,0.5483959332469494
-0.16488670825717297,-0.57186276940104,-1.2961986747280732,0.6527680087367719,0.5655903757298912,-0.6657212606073795,-0.43295451957572234,0.0,-1.2440538864306656,-0.1369573773891171,0.0,0.5483959332469494
-0.1610165723159582,1.7486712783337586,-1.2961986747280732,1.4396542337314586,-1.7680640316934417,-0.03953517064909744,-0.43295451957572234,0.0,-1.278571232297274,0.16661323398026542,0.0,0.5483959332469494
-0.15714643637474343,1.7486712783337586,0.5647181360657391,0.5295686502780078,0.5655903757298912,1.338074227259123,-0.43295451957572234,0.0,1.7301907490754205,-0.5005361328664008,0.0,0.5483959332469494
-0.15327630043352863,-0.57186276940104,0.5647181360657391,-1.7992966418779843,0.5655903757298912,-0.29000960663241027,-0.43295451957572234,0.0,-0.4041318036765291,-0.48288667871701796,0.0,0.5483959332469494
-0.14940616449231386,-0.57186276940104,0.5647181360657391,-0.1619374262324745,-1.7680640316934417,-0.9161956965906923,1.8285419603357638,0.0,0.7464463918770825,-0.23226442979578377,0.0,0.5483959332469494
-0.1455360285510991,-0.57186276940104,0.5647181360657391,-0.5593547115833264,0.5655903757298912,-0.03953517064909744,1.8285419603357638,0.0,1.7589552039642609,0.6184392602044625,0.0,0.5483959332469494
-0.1416658926098843,-0.57186276940104,0.5647181360657391,0.6249487987622123,-1.7680640316934417,-1.0414329145823487,-0.43295451957572234,0.0,-0.5479540781207306,-0.3964043533850429,0.0,0.5483959332469494
-0.13779575666866953,-0.57186276940104,-1.2961986747280732,-0.7342183171377012,0.5655903757298912,0.711888137300841,1.8285419603357638,0.0,-0.7608110442981487,1.3455967711590298,0.0,0.5483959332469494
-0.13392562072745473,-0.57186276940104,0.5647181360657391,1.5986211478717995,0.5655903757298912,2.840920843159,-0.43295451957572234,0.0,-0.23729796532125544,-0.5252453686755365,0.0,0.5483959332469494
-0.1261853488450252,-0.57186276940104,0.5647181360657391,-1.4734144678902859,0.5655903757298912,-0.9161956965906923,-0.43295451957572234,0.0,-0.6169887698539473,-0.52171547784566,0.0,0.5483959332469494
-0.11844507696259562,-0.57186276940104,0.5647181360657391,1.0859528497692006,0.5655903757298912,-0.03953517064909744,-0.43295451957572234,0.0,0.027335019656075245,-0.5046590453556965,0.0,0.5483959332469494
-0.11457494102138084,-0.57186276940104,0.5647181360657391,-0.4600003902456134,0.5655903757298912,-0.03953517064909744,-0.43295451957572234,0.0,0.7176819369882422,-0.651149514795573,0.0,-0.8687746100385885
-0.10683466913895129,-0.57186276940104,-1.2961986747280732,-1.0640746639789083,0.5655903757298912,-0.03953517064909744,-0.43295451957572234,0.0,-1.3073356871861144,-1.619511525937264,0.0,0.5483959332469494
-0.1029645331977365,1.7486712783337586,0.5647181360657391,1.3244032209797116,0.5655903757298912,1.9642603172174051,-0.43295451957572234,0.0,1.6841676212532761,-0.5005361328664008,0.0,0.5483959332469494
-0.09909439725652174,-0.57186276940104,0.5647181360657391,0.2752215876534626,-1.7680640316934417,-0.03953517064909744,-0.43295451957572234,0.0,-0.386873130743225,-0.48288667871701796,0.0,0.5483959332469494
-0.0874839894328774,-0.57186276940104,-1.2961986747280732,0.21560899485083482,0.5655903757298912,0.2109392653342154,-0.43295451957572234,0.0,-0.7895754991869891,0.21603170559853696,0.0,0.5483959332469494
-0.07974371755044783,-0.57186276940104,0.5647181360657391,-0.7063991071631416,0.5655903757298912,-0.03953517064909744,-0.43295451957572234,0.0,0.17115729410027672,-0.5046590453556965,0.0,-2.285945153324126
-0.07587358160923306,-0.57186276940104,0.5647181360657391,-1.207144886705215,0.5655903757298912,-0.9161956965906923,-0.43295451957572234,0.0,0.988067812943341,-0.527603335749894,0.0,-0.8687746100385885
-0.07200344566801828,-0.57186276940104,0.5647181360657391,1.6900271235024953,0.5655903757298912,0.08570204734255897,-0.43295451957572234,0.0,-0.5939772059428751,-0.5075959145261538,0.0,0.5483959332469494
-0.06039303784437394,-0.57186276940104,0.5647181360657391,1.6423370492603933,0.5655903757298912,-0.03953517064909744,-0.43295451957572234,0.0,0.9132802302323563,-0.5958431852730673,0.0,0.5483959332469494
-0.05652290190315916,1.7486712783337586,-1.2961986747280732,-1.1793256767306555,-1.7680640316934417,-0.03953517064909744,1.8285419603357638,0.0,-1.5086868714079964,2.051574937134338,0.0,0.5483959332469494
-0.05265276596194438,1.7486712783337586,-1.2961986747280732,0.8077607500236041,-1.7680640316934417,-1.1666701325740052,-0.43295451957572234,0.0,-1.1059845029642323,2.051574937134338,0.0,0.5483959332469494
-0.0487826300207296,-0.57186276940104,0.5647181360657391,-0.8335726384754142,0.5655903757298912,-0.03953517064909744,-0.43295451957572234,0.0,0.4300373880998393,-0.5252453686755365,0.0,-0.8687746100385885
-0.03717222219708526,1.7486712783337586,0.5647181360657391,1.395938332342865,-1.7680640316934417,-0.03953517064909744,1.8285419603357638,0.0,0.6544001362327936,0.6537381685032282,0.0,0.5483959332469494
-0.033302086255870486,1.7486712783337586,-1.2961986747280732,0.1281771920736474,-1.7680640316934417,1.7137858812340923,1.8285419603357638,0.0,1.5230866738757705,2.051574937134338,0.0,0.5483959332469494
-0.029431950314655706,-0.57186276940104,0.5647181360657391,-0.15398908052545746,0.5655903757298912,-1.4171445685573179,-0.43295451957572234,0.0,1.695673403208812,-0.61349263942245,0.0,0.5483959332469494
-0.0062111346673670315,-0.57186276940104,-1.2961986747280732,-0.04668641348072744,0.5655903757298912,0.3361764833258718,-0.43295451957572234,0.0,1.0628553956543259,-0.1369573773891171,0.0,0.5483959332469494
0.0015291372150625267,-0.57186276940104,0.5647181360657391,-0.5394838473157838,0.5655903757298912,-1.0414329145823487,-0.43295451957572234,0.0,-0.3293442209655444,-0.2781530105841787,0.0,0.5483959332469494
0.005399273156277306,-0.57186276940104,0.5647181360657391,0.7958382314630786,0.5655903757298912,-0.41524682462406665,1.8285419603357638,0.0,-0.19702772847687902,-0.52171547784566,0.0,0.5483959332469494
0.009269409097492085,1.7486712783337586,-1.2961986747280732,0.875321688533249,-1.7680640316934417,-0.03953517064909744,-0.43295451957572234,0.0,-1.4166406157637075,0.21603170559853696,0.0,0.5483959332469494
0.013139545038706865,1.7486712783337586,0.5647181360657391,-0.2255241918886108,0.5655903757298912,-0.03953517064909744,-0.43295451957572234,0.0,0.786716628721459,-0.47406195164232656,0.0,0.5483959332469494
0.024749952862351203,1.7486712783337586,-3.1571154855218855,1.097875368329726,0.5655903757298912,0.711888137300841,-0.43295451957572234,0.0,-1.8250958751852395,2.1292325353916217,0.0,0.5483959332469494
0.040230496627210316,-0.57186276940104,0.5647181360657391,-0.5673030572903435,0.5655903757298912,-0.03953517064909744,1.8285419603357638,0.0,0.7752108467659229,1.1996993233785727,0.0,0.5483959332469494
0.05184090445085465,-0.57186276940104,0.5647181360657391,0.7362256386604508,0.5655903757298912,-0.03953517064909744,-0.43295451957572234,0.0,0.9535504670767326,-0.48288667871701796,0.0,0.5483959332469494
0.055711040392069436,1.7486712783337586,0.5647181360657391,-0.265265920423696,0.5655903757298912,0.08570204734255897,-0.43295451957572234,0.0,0.09636971138929194,-0.5046590453556965,0.0,-2.285945153324126
0.06732144821571377,1.7486712783337586,-1.2961986747280732,1.4158091966104076,-1.7680640316934417,2.7156836251673435,-0.43295451957572234,0.0,1.2066776700985273,-0.1369573773891171,0.0,0.5483959332469494
0.07119158415692856,-0.57186276940104,0.5647181360657391,0.5732845516666015,0.5655903757298912,-0.03953517064909744,-0.43295451957572234,0.0,0.6083770084106491,-0.5252453686755365,0.0,-0.8687746100385885
0.07893185603935811,-0.57186276940104,0.5647181360657391,0.39047260040520965,0.5655903757298912,0.711888137300841,-0.43295451957572234,0.0,0.38401426027769486,-0.48288667871701796,0.0,0.5483959332469494
0.08667212792178766,-0.57186276940104,-1.2961986747280732,0.3149633161885478,0.5655903757298912,2.465209189184031,-0.43295451957572234,0.0,-1.387876160874867,0.21603170559853696,0.0,0.5483959332469494
0.09054226386300245,-0.57186276940104,0.5647181360657391,0.1718930934622411,0.5655903757298912,-0.03953517064909744,-0.43295451957572234,0.0,1.0168322678321813,-0.48288667871701796,0.0,0.5483959332469494
0.09441239980421723,-0.57186276940104,0.5647181360657391,-0.6467865143605138,0.5655903757298912,1.2128370092674667,-0.43295451957572234,0.0,1.5921213656089872,-0.6240823119120796,0.0,0.5483959332469494
0.09828253574543201,-0.57186276940104,-1.2961986747280732,-1.298550862335911,0.5655903757298912,-0.03953517064909744,-0.43295451957572234,0.0,-1.3073356871861144,-1.619511525937264,0.0,0.5483959332469494
0.10602280762786156,-0.57186276940104,0.5647181360657391,1.081978676915692,0.5655903757298912,-0.03953517064909744,-0.43295451957572234,0.0,0.3379911324555504,-0.5287752595054132,0.0,-0.8687746100385885
0.11376307951029112,-0.57186276940104,0.5647181360657391,-0.11424735199037227,0.5655903757298912,-0.03953517064909744,-0.43295451957572234,0.0,-0.5191896232318903,-0.5958431852730673,0.0,0.5483959332469494
0.1176332154515059,-0.57186276940104,0.5647181360657391,-1.330344245163979,0.5655903757298912,1.2128370092674667,-0.43295451957572234,0.0,-0.5709656420318029,-0.3964043533850429,0.0,0.5483959332469494
0.12924362327515024,-0.57186276940104,0.5647181360657391,1.304532356712169,-1.7680640316934417,-0.7909584785990359,-0.43295451957572234,0.0,0.8442455384991395,-0.23049948438084536,0.0,0.5483959332469494
0.1369838951575798,-0.57186276940104,-1.2961986747280732,0.8633991699727235,0.5655903757298912,0.711888137300841,1.8285419603357638,0.0,-0.6342474427872514,1.3455967711590298,0.0,0.5483959332469494
0.14085403109879457,-0.57186276940104,0.5647181360657391,-1.3979051836736238,0.5655903757298912,0.08570204734255897,1.8285419603357638,0.0,-0.2718153111878638,-0.624675333571499,0.0,0.5483959332469494
0.14472416704000934,-0.57186276940104,0.5647181360657391,-0.13411821625791487,0.5655903757298912,-0.7909584785990359,-0.43295451957572234,0.0,0.2804622226778698,-0.5576074078038445,0.0,0.5483959332469494
0.15633457486365368,-0.57186276940104,-1.2961986747280732,-0.7580633542587524,0.5655903757298912,-0.03953517064909744,-0.43295451957572234,0.0,-1.3015827962083462,-1.619511525937264,0.0,0.5483959332469494
0.16020471080486848,-0.57186276940104,0.5647181360657391,0.982624355577979,0.5655903757298912,2.7156836251673435,-0.43295451957572234,0.0,0.9708091400100368,-0.48288667871701796,0.0,0.5483959332469494
0.18342552645215715,-0.57186276940104,0.5647181360657391,1.2528681096165584,0.5655903757298912,0.2109392653342154,-0.43295451957572234,0.0,0.890268666321284,-0.48288667871701796,0.0,0.5483959332469494
0.19116579833458672,-0.57186276940104,0.5647181360657391,-0.5633288844368349,0.5655903757298912,-0.03953517064909744,1.8285419603357638,0.0,0.7809637377436909,1.1996993233785727,0.0,0.5483959332469494
0.1950359342758015,-0.57186276940104,0.5647181360657391,1.6383628764068847,0.5655903757298912,-0.9161956965906923,-0.43295451957572234,0.0,1.6496502753866678,-0.5958431852730673,0.0,0.5483959332469494
0.20664634209944582,-0.57186276940104,0.5647181360657391,1.280687319591118,0.5655903757298912,-0.9161956965906923,-0.43295451957572234,0.0,0.8960215572990521,-0.48288667871701796,0.0,0.5483959332469494
0.2105164780406606,-0.57186276940104,0.5647181360657391,1.6741304320884614,0.5655903757298912,-0.03953517064909744,-0.43295451957572234,0.0,-1.071467157097624,0.42193729748689524,0.0,-2.285945153324126
0.21825674992309016,-0.57186276940104,0.5647181360657391,1.1097978868902516,0.5655903757298912,-0.03953517064909744,-0.43295451957572234,0.0,1.1606545422763828,0.5125425353081663,0.0,0.5483959332469494
0.22599702180551973,-0.57186276940104,0.5647181360657391,1.3402999123937458,0.5655903757298912,-0.540484042615723,-0.43295451957572234,0.0,0.2286862038779573,-0.5187786086752028,0.0,0.5483959332469494
0.2298671577467345,-0.57186276940104,0.5647181360657391,-1.306499208042928,0.5655903757298912,-1.4171445685573179,-0.43295451957572234,0.0,-0.582471423987339,-0.3964043533850429,0.0,0.5483959332469494
0.23373729368794927,-0.57186276940104,0.5647181360657391,-1.2945766894824025,-1.7680640316934417,-0.9161956965906923,-0.43295451957572234,0.0,0.4070258241887671,-0.5252453686755365,0.0,-0.8687746100385885
0.23760742962916406,-0.57186276940104,0.5647181360657391,0.5891812430806356,-1.7680640316934417,-0.03953517064909744,-0.43295451957572234,0.0,-0.4961780593208181,-0.5423018011655,0.0,-0.8687746100385885
0.24147756557037883,-0.57186276940104,0.5647181360657391,-0.034763894920201883,-1.7680640316934417,1.0875997912758102,-0.43295451957572234,0.0,0.7349406099215464,-0.26579839267961075,0.0,0.5483959332469494
0.25695810933523794,1.7486712783337586,-3.1571154855218855,-1.4018793565271324,0.5655903757298912,-0.03953517064909744,-0.43295451957572234,0.0,-2.0264470594071216,2.1292325353916217,0.0,0.5483959332469494
0.2608282452764527,-0.57186276940104,0.5647181360657391,0.6011037616411612,0.5655903757298912,-0.03953517064909744,-0.43295451957572234,0.0,1.0340909407654855,1.5609201117814986,0.0,0.5483959332469494
0.2685685171588823,1.7486712783337586,0.5647181360657391,-1.0481779725648743,0.5655903757298912,0.08570204734255897,-0.43295451957572234,0.0,0.6716588091660978,-0.5252453686755365,0.0,-0.8687746100385885
0.2724386531000971,-0.57186276940104,0.5647181360657391,1.5509310736296973,0.5655903757298912,-0.03953517064909744,-0.43295451957572234,0.0,1.6438973844088998,-0.48288667871701796,0.0,0.5483959332469494
0.2840490609237414,-0.57186276940104,0.5647181360657391,-1.1554806396096042,0.5655903757298912,-0.540484042615723,-0.43295451957572234,0.0,-0.035946781099373395,-0.5611372986337212,0.0,0.5483959332469494
0.29565946874738575,-0.57186276940104,0.5647181360657391,0.9945468741385045,0.5655903757298912,-0.03953517064909744,-0.43295451957572234,0.0,0.6141298993884172,1.7903630157234738,0.0,-0.8687746100385885
0.2995296046886005,1.7486712783337586,-1.2961986747280732,-1.6840456291262373,-1.7680640316934417,0.9623625732841539,1.8285419603357638,0.0,-1.4511579616303159,2.051574937134338,0.0,0.5483959332469494
0.3033997406298153,-0.57186276940104,0.5647181360657391,0.7243031200999253,0.5655903757298912,0.4614137013175282,-0.43295451957572234,0.0,0.10787549334482806,-0.5046590453556965,0.0,0.5483959332469494
0.3111400125122449,-0.57186276940104,0.5647181360657391,1.519137690801629,0.5655903757298912,-0.7909584785990359,-0.43295451957572234,0.0,0.15965151214474058,-0.5046590453556965,0.0,0.5483959332469494
0.31501014845345965,-0.57186276940104,0.5647181360657391,-0.04271224062721892,0.5655903757298912,-0.03953517064909744,-0.43295451957572234,0.0,-1.0887258300309282,-0.5993730761029439,0.0,-2.285945153324126
0.3227504203358892,-0.57186276940104,0.5647181360657391,-0.12616987055089782,0.5655903757298912,-0.03953517064909744,-0.43295451957572234,0.0,-0.8355986270091336,-0.5987800544435247,0.0,-2.285945153324126
0.32662055627710396,-0.57186276940104,0.5647181360657391,-0.8534435027429568,0.5655903757298912,1.5259300542466077,-0.43295451957572234,0.0,0.4818134068997519,-0.5252453686755365,0.0,-0.8687746100385885
0.3304906922183187,1.7486712783337586,-1.2961986747280732,0.9150634170683342,-1.7680640316934417,2.7156836251673435,-0.43295451957572234,0.0,1.787719658853101,-0.1369573773891171,0.0,0.5483959332469494
0.3382309641007483,-0.57186276940104,0.5647181360657391,1.0581336397946408,0.5655903757298912,1.338074227259123,-0.43295451957572234,0.0,-0.6457532247427876,-0.5005361328664008,0.0,0.5483959332469494
0.34984137192439263,-0.57186276940104,0.5647181360657391,1.4277317151709332,0.5655903757298912,-0.03953517064909744,-0.43295451957572234,0.0,-1.0427027022087836,-0.5987800544435247,0.0,-2.285945153324126
0.361451779748037,-0.57186276940104,0.5647181360657391,-1.3343184180174876,-1.7680640316934417,0.2109392653342154,-0.43295451957572234,0.0,-0.588224314965107,-0.3964043533850429,0.0,0.5483959332469494
0.37693232351289613,-0.57186276940104,0.5647181360657391,0.9269859356288598,0.5655903757298912,-0.03953517064909744,-0.43295451957572234,0.0,0.3667555873443907,0.42782515539112936,0.0,0.5483959332469494
0.39628300321897,1.7486712783337586,-1.2961986747280732,-1.5330270606929135,0.5655903757298912,0.4614137013175282,1.8285419603357638,0.0,-0.7435523713648445,2.051574937134338,0.0,0.5483959332469494
0.40789341104261434,1.7486712783337586,-1.2961986747280732,-1.529052887839405,-1.7680640316934417,-1.1666701325740052,1.8285419603357638,0.0,-0.7435523713648445,2.051574937134338,0.0,0.5483959332469494
0.4117635469838291,1.7486712783337586,-1.2961986747280732,0.6487938358832634,0.5655903757298912,-0.03953517064909744,-0.43295451957572234,0.0,1.5460982377868426,0.3378129392292777,0.0,-2.285945153324126
0.42724409074868824,-0.57186276940104,-1.2961986747280732,1.1018495411832345,0.5655903757298912,-0.16477238864075383,-0.43295451957572234,0.0,-1.2325481044751296,2.051574937134338,0.0,0.5483959332469494
0.431114226689903,-0.57186276940104,0.5647181360657391,0.561362033106076,0.5655903757298912,-0.03953517064909744,-0.43295451957572234,0.0,-0.4501549314986736,-0.5140626745264876,0.0,-0.8687746100385885
0.4349843626311178,1.7486712783337586,0.5647181360657391,0.01690035217540886,0.5655903757298912,-0.7909584785990359,-0.43295451957572234,0.0,-1.1002316119864641,-0.5993730761029439,0.0,-2.285945153324126
0.43885449857233255,1.7486712783337586,0.5647181360657391,0.5971295887876527,-1.7680640316934417,-0.7909584785990359,-0.43295451957572234,0.0,-0.15675749163250263,-0.52171547784566,0.0,0.5483959332469494
0.45820517827840646,1.7486712783337586,0.5647181360657391,1.6940012963560038,-1.7680640316934417,0.9623625732841539,1.8285419603357638,0.0,-0.35810867585438466,0.8372924916568079,0.0,0.5483959332469494
0.4620753142196212,-0.57186276940104,0.5647181360657391,0.3944467732587182,0.5655903757298912,-0.03953517064909744,-0.43295451957572234,0.0,0.6256356813439533,-0.5252453686755365,0.0,-0.8687746100385885
0.46594545016083605,-0.57186276940104,0.5647181360657391,1.1614621339858624,0.5655903757298912,1.4633114452507794,-0.43295451957572234,0.0,0.15389862116697253,-0.5046590453556965,0.0,0.5483959332469494
0.4698155861020508,-0.57186276940104,-1.2961986747280732,0.5335428231315164,0.5655903757298912,-0.03953517064909744,-0.43295451957572234,0.0,-1.4914281984746922,0.28662952219606774,0.0,0.5483959332469494
0.4736857220432656,-0.57186276940104,0.5647181360657391,1.1415912697183197,0.5655903757298912,-0.03953517064909744,-0.43295451957572234,0.0,1.661156057342204,-0.48288667871701796,0.0,0.5483959332469494
0.47755585798448036,-0.57186276940104,0.5647181360657391,0.27124741479995407,-1.7680640316934417,-0.03953517064909744,-0.43295451957572234,0.0,1.6266387114755956,-0.48288667871701796,0.0,0.5483959332469494
0.48142599392569513,-0.57186276940104,0.5647181360657391,-1.0124104168832975,0.5655903757298912,-0.540484042615723,4.09003844024725,0.0,0.9017744482768202,1.7903630157234738,0.0,0.5483959332469494
0.4852961298669099,-0.57186276940104,0.5647181360657391,1.3005581838586606,0.5655903757298912,-1.1666701325740052,-0.43295451957572234,0.0,-0.05895834501044563,-0.5046590453556965,0.0,0.5483959332469494
0.4930364017493395,-0.57186276940104,0.5647181360657391,-0.9607461697876868,0.5655903757298912,-0.03953517064909744,-0.43295451957572234,0.0,-0.8931275367868141,-0.5987800544435247,0.0,-2.285945153324126
0.49690653769055426,1.7486712783337586,0.5647181360657391,-0.16988577193949153,0.5655903757298912,0.4614137013175282,-0.43295451957572234,0.0,0.30347378658894203,-0.5105327836966111,0.0,0.5483959332469494
0.5123870814554133,1.7486712783337586,0.5647181360657391,-0.10629900628335523,-1.7680640316934417,-0.03953517064909744,-0.43295451957572234,0.0,-1.6410033638966617,-0.5252453686755365,0.0,-0.8687746100385885
0.5162572173966281,-0.57186276940104,0.5647181360657391,0.9905727012849961,0.5655903757298912,-1.5423817865489744,-0.43295451957572234,0.0,0.9075273392545882,-0.48288667871701796,0.0,0.5483959332469494
0.5201273533378429,-0.57186276940104,0.5647181360657391,0.7163547743929082,0.5655903757298912,-1.1666701325740052,-0.43295451957572234,0.0,0.33223824147778236,0.42782515539112936,0.0,0.5483959332469494
0.5239974892790578,1.7486712783337586,-1.2961986747280732,-0.7222957985771756,-1.7680640316934417,0.711888137300841,-0.43295451957572234,0.0,-1.2613125593639698,0.21603170559853696,0.0,0.5483959332469494
0.5317377611614873,-0.57186276940104,0.5647181360657391,-1.2866283437753854,-1.7680640316934417,-0.03953517064909744,1.8285419603357638,0.0,-0.881621754831278,0.42193729748689524,0.0,-2.285945153324126
0.5356078971027021,1.7486712783337586,0.5647181360657391,-0.15796325337896597,0.5655903757298912,0.4614137013175282,-0.43295451957572234,0.0,1.7186849671198845,-0.5005361328664008,0.0,0.5483959332469494
0.5472183049263464,-0.57186276940104,-1.2961986747280732,-0.9329269598131272,0.5655903757298912,3.2166324971339693,-0.43295451957572234,0.0,-0.783822608209221,2.051574937134338,0.0,0.5483959332469494
0.5549585768087759,-0.57186276940104,0.5647181360657391,0.7203289472464167,0.5655903757298912,-0.03953517064909744,-0.43295451957572234,0.0,-0.4098846946542972,-0.3893445717252897,0.0,-2.285945153324126
0.5626988486912055,-0.57186276940104,-1.2961986747280732,-0.25334340186317045,0.5655903757298912,2.3399719711923743,-0.43295451957572234,0.0,-1.3418530330527227,0.4984229719886602,0.0,0.5483959332469494
0.5704391205736351,-0.57186276940104,0.5647181360657391,-0.6944765886026161,0.5655903757298912,-0.7909584785990359,-0.43295451957572234,0.0,-1.6294975819411255,-0.48288667871701796,0.0,0.5483959332469494
0.5743092565148499,-0.57186276940104,0.5647181360657391,0.42624015608678634,0.5655903757298912,-0.03953517064909744,-0.43295451957572234,0.0,0.8787628843657479,-0.48288667871701796,0.0,0.5483959332469494
0.5781793924560646,-0.57186276940104,0.5647181360657391,0.9230117627753512,0.5655903757298912,0.8371253552924974,-0.43295451957572234,0.0,1.6899205122310441,-0.61349263942245,0.0,0.5483959332469494
0.5859196643384942,-0.57186276940104,0.5647181360657391,-0.8772885398640079,0.5655903757298912,2.3399719711923743,-0.43295451957572234,0.0,0.9765620309878049,-0.5958431852730673,0.0,0.5483959332469494
0.5936599362209237,-0.57186276940104,-1.2961986747280732,-1.2111190595587236,0.5655903757298912,1.0875997912758102,1.8285419603357638,0.0,1.5173337828980025,2.051574937134338,0.0,0.5483959332469494
0.6014002081033533,1.7486712783337586,-1.2961986747280732,0.04471956214996849,-1.7680640316934417,-0.03953517064909744,-0.43295451957572234,0.0,-1.192277867630753,3.0399443694997688,0.0,0.5483959332469494
0.605270344044568,-0.57186276940104,0.5647181360657391,-0.19770498191405117,0.5655903757298912,2.590446407175687,-0.43295451957572234,0.0,1.2181834520540633,-1.619511525937264,0.0,0.5483959332469494
0.6091404799857828,-0.57186276940104,0.5647181360657391,-1.4336727393552007,0.5655903757298912,-0.03953517064909744,-0.43295451957572234,0.0,-0.9794209014533349,-0.5993730761029439,0.0,-2.285945153324126
0.6207508878094272,-0.57186276940104,0.5647181360657391,1.2012038625209476,0.5655903757298912,-0.03953517064909744,-0.43295451957572234,0.0,-0.012935217188301165,-0.5046590453556965,0.0,0.5483959332469494
0.624621023750642,-0.57186276940104,-3.1571154855218855,-0.4917937730736816,0.5655903757298912,-0.03953517064909744,-0.43295451957572234,0.0,-1.8193429842074715,4.367183321533348,0.0,0.5483959332469494
0.6284911596918568,-0.57186276940104,0.5647181360657391,1.4197833694639161,0.5655903757298912,1.9642603172174051,-0.43295451957572234,0.0,0.3897671512554629,-0.48288667871701796,0.0,0.5483959332469494
0.6323612956330715,1.7486712783337586,-3.1571154855218855,-0.33680103178684934,0.5655903757298912,0.8371253552924974,-0.43295451957572234,0.0,-2.0321999503848898,2.1292325353916217,0.0,-2.285945153324126
0.6362314315742863,-0.57186276940104,0.5647181360657391,0.09638380924557924,0.5655903757298912,0.9623625732841539,1.8285419603357638,0.0,0.19416885801134895,0.5760805702459442,0.0,0.5483959332469494
0.6401015675155011,-0.57186276940104,0.5647181360657391,-0.13809238911142338,0.5655903757298912,0.2109392653342154,-0.43295451957572234,0.0,0.1308870572559003,-0.5046590453556965,0.0,0.5483959332469494
0.6439717034567158,1.7486712783337586,-3.1571154855218855,-1.0322812811508402,0.5655903757298912,-0.16477238864075383,-0.43295451957572234,0.0,-1.7963314202963994,2.686955286512115,0.0,0.5483959332469494
0.659452247221575,-0.57186276940104,0.5647181360657391,-0.25731757471667893,0.5655903757298912,-0.03953517064909744,-0.43295451957572234,0.0,1.586368474631219,-0.6240823119120796,0.0,0.5483959332469494
0.6633223831627898,1.7486712783337586,0.5647181360657391,0.43418850179380336,-1.7680640316934417,-0.03953517064909744,1.8285419603357638,0.0,0.47030762494421574,0.569020788586191,0.0,-0.8687746100385885
0.6671925191040046,-0.57186276940104,0.5647181360657391,-0.3248785132263238,0.5655903757298912,-0.03953517064909744,-0.43295451957572234,0.0,0.6026241174328811,-0.5252453686755365,0.0,-0.8687746100385885
0.6710626550452193,-0.57186276940104,0.5647181360657391,-1.3859826651130984,0.5655903757298912,0.8371253552924974,-0.43295451957572234,0.0,0.395520042233231,-0.48288667871701796,0.0,0.5483959332469494
0.6826730628688636,-0.57186276940104,0.5647181360657391,0.11625467351312184,-1.7680640316934417,-0.29000960663241027,1.8285419603357638,0.0,0.9995735948988771,0.6537381685032282,0.0,0.5483959332469494
0.6904133347512932,-0.57186276940104,-1.2961986747280732,-0.7143474528701587,0.5655903757298912,-0.29000960663241027,-0.43295451957572234,0.0,-0.6284945518094834,-0.1369573773891171,0.0,0.5483959332469494
0.694283470692508,-0.57186276940104,0.5647181360657391,1.6542595678209187,0.5655903757298912,-0.16477238864075383,1.8285419603357638,0.0,-1.0024324653644072,0.42135839539079556,0.0,-2.285945153324126
0.7058938785161524,-0.57186276940104,0.5647181360657391,-0.5235871559017498,0.5655903757298912,-0.9161956965906923,-0.43295451957572234,0.0,0.21718042192242118,-0.5105327836966111,0.0,0.5483959332469494
0.7097640144573671,-0.57186276940104,0.5647181360657391,-1.413801875087658,0.5655903757298912,-0.9161956965906923,-0.43295451957572234,0.0,0.7637050648103867,0.6537381685032282,0.0,0.5483959332469494
0.7252445582222262,-0.57186276940104,0.5647181360657391,-1.4416210850622175,0.5655903757298912,-0.29000960663241027,-0.43295451957572234,0.0,0.03884080161161136,-0.5046590453556965,0.0,0.5483959332469494
0.729114694163441,-0.57186276940104,0.5647181360657391,0.569310378813093,0.5655903757298912,-0.03953517064909744,-0.43295451957572234,0.0,-0.4386491495431375,-0.527603335749894,0.0,-0.8687746100385885
0.7368549660458705,-0.57186276940104,0.5647181360657391,0.14009971063417295,0.5655903757298912,2.840920843159,-0.43295451957572234,0.0,-0.09922858185482204,-0.6234892902526604,0.0,0.5483959332469494
0.7445952379283001,-0.57186276940104,-3.1571154855218855,0.7004580829788741,0.5655903757298912,-0.03953517064909744,-0.43295451957572234,0.0,-2.0091883864738174,-1.619511525937264,0.0,0.5483959332469494
0.7523355098107297,1.7486712783337586,-1.2961986747280732,-1.0044620711762806,-1.7680640316934417,-0.03953517064909744,-0.43295451957572234,0.0,-1.3361001420749545,0.21603170559853696,0.0,0.5483959332469494
0.7562056457519445,-0.57186276940104,0.5647181360657391,0.040745389296459975,0.5655903757298912,0.4614137013175282,-0.43295451957572234,0.0,1.7359436400531887,-0.5005361328664008,0.0,0.5483959332469494
0.7678160535755888,-0.57186276940104,0.5647181360657391,1.3919641594893564,0.5655903757298912,-0.03953517064909744,1.8285419603357638,0.0,0.6544001362327936,0.6537381685032282,0.0,0.5483959332469494
0.7716861895168036,-0.57186276940104,0.5647181360657391,-0.2453950561561534,0.5655903757298912,-1.0414329145823487,-0.43295451957572234,0.0,0.2689564407223337,-0.5105327836966111,0.0,0.5483959332469494
0.7949070051640923,-0.57186276940104,0.5647181360657391,-1.107790565367502,0.5655903757298912,-1.1666701325740052,-0.43295451957572234,0.0,0.0618523655226836,-0.5046590453556965,0.0,0.5483959332469494
0.8026472770465218,-0.57186276940104,0.5647181360657391,1.6145178392858335,0.5655903757298912,-0.03953517064909744,-0.43295451957572234,0.0,1.482816437031394,-0.5534844953145489,0.0,0.5483959332469494
0.8065174129877366,1.7486712783337586,0.5647181360657391,1.2767131467376094,-1.7680640316934417,-0.6657212606073795,-0.43295451957572234,0.0,1.177913215209687,-0.5534844953145489,0.0,0.5483959332469494
0.8103875489289514,-0.57186276940104,0.5647181360657391,0.3388083533095989,0.5655903757298912,-0.03953517064909744,-0.43295451957572234,0.0,0.021582128678307187,-0.5046590453556965,0.0,0.5483959332469494
0.8181278208113809,-0.57186276940104,0.5647181360657391,-0.15001490767194894,0.5655903757298912,-0.9161956965906923,-0.43295451957572234,0.0,0.8615042114324437,-0.428766392513351,0.0,0.5483959332469494
0.8219979567525957,1.7486712783337586,0.5647181360657391,0.585207070227127,-1.7680640316934417,-0.03953517064909744,-0.43295451957572234,0.0,-0.49042516834305,-0.5140626745264876,0.0,-0.8687746100385885
0.8258680926938105,-0.57186276940104,0.5647181360657391,-0.42423283456403676,-1.7680640316934417,-1.2919073505656615,-0.43295451957572234,0.0,0.44154317005537547,-0.6664410018705982,0.0,-0.8687746100385885
0.83360836457624,-0.57186276940104,0.5647181360657391,0.8435283057051808,0.5655903757298912,-0.03953517064909744,-0.43295451957572234,0.0,0.0330879106338433,-0.5046590453556965,0.0,0.5483959332469494
0.8413486364586696,-0.57186276940104,-1.2961986747280732,-0.901133576985059,0.5655903757298912,-0.6657212606073795,-0.43295451957572234,0.0,-0.6975292435427001,0.21603170559853696,0.0,0.5483959332469494
0.852959044282314,-0.57186276940104,0.5647181360657391,-1.59661382634905,0.5655903757298912,1.4633114452507794,-0.43295451957572234,0.0,-1.0944787210086961,-0.5993730761029439,0.0,-2.285945153324126
0.8606993161647435,-0.57186276940104,0.5647181360657391,-1.1594548124631128,0.5655903757298912,0.9623625732841539,-0.43295451957572234,0.0,-0.03019389012160534,-0.5611372986337212,0.0,0.5483959332469494
0.8645694521059583,1.7486712783337586,0.5647181360657391,0.10035798209908776,0.5655903757298912,-1.0414329145823487,1.8285419603357638,0.0,1.7129320761421163,-0.5005361328664008,0.0,0.5483959332469494
0.8723097239883878,-0.57186276940104,-1.2961986747280732,-1.3502151094315218,0.5655903757298912,-0.41524682462406665,-0.43295451957572234,0.0,-1.3763703789193311,0.21603170559853696,0.0,0.5483959332469494
0.8761798599296026,-0.57186276940104,0.5647181360657391,0.9548051456034193,0.5655903757298912,-0.03953517064909744,-0.43295451957572234,0.0,-0.6112358788761793,-0.52171547784566,0.0,0.5483959332469494
0.8800499958708174,-0.57186276940104,0.5647181360657391,-1.1117647382210105,0.5655903757298912,1.8390230992257488,-0.43295451957572234,0.0,0.9593033580545007,-0.48288667871701796,0.0,0.5483959332469494
0.8994006755768913,1.7486712783337586,-1.2961986747280732,1.610543666432325,0.5655903757298912,0.3361764833258718,-0.43295451957572234,0.0,-1.2498067774084338,0.21603170559853696,0.0,0.5483959332469494
0.9032708115181061,-0.57186276940104,-1.2961986747280732,1.5390085550691717,0.5655903757298912,-0.03953517064909744,-0.43295451957572234,0.0,-1.2900770142528102,-1.619511525937264,0.0,0.5483959332469494
0.9071409474593208,-0.57186276940104,0.5647181360657391,-0.9051077498385676,0.5655903757298912,-1.2919073505656615,-0.43295451957572234,0.0,0.199921748989117,-0.52171547784566,0.0,0.5483959332469494
0.9110110834005356,-0.57186276940104,0.5647181360657391,1.0780045040621835,0.5655903757298912,-0.47786543361989486,-0.43295451957572234,0.0,-0.39262602172099303,-0.48288667871701796,0.0,0.5483959332469494
0.9148812193417504,1.7486712783337586,0.5647181360657391,1.4515767522919842,-1.7680640316934417,-1.2919073505656615,-0.43295451957572234,0.0,0.7521992828548506,-0.22990646272142623,0.0,0.5483959332469494
0.9264916271653948,-0.57186276940104,0.5647181360657391,0.7799415400490445,-1.7680640316934417,-0.03953517064909744,-0.43295451957572234,0.0,-0.46741360443197777,-0.47053206081245025,0.0,-0.8687746100385885
0.9342318990478243,-0.57186276940104,0.5647181360657391,0.6209746259087038,0.5655903757298912,-1.0414329145823487,-0.43295451957572234,0.0,0.792469519699227,-0.3169818097128207,0.0,0.5483959332469494
0.9535825787538982,-0.57186276940104,0.5647181360657391,-1.0521521454183829,0.5655903757298912,-1.1666701325740052,-0.43295451957572234,0.0,0.05609947454491554,-0.1834389798369314,0.0,0.5483959332469494
0.957452714695113,-0.57186276940104,0.5647181360657391,-0.8415209841824313,0.5655903757298912,-1.2919073505656615,-0.43295451957572234,0.0,0.23443909485572534,-0.5187786086752028,0.0,0.5483959332469494
0.9768033944011869,-0.57186276940104,0.5647181360657391,1.0104435655525386,0.5655903757298912,-0.41524682462406665,-0.43295451957572234,0.0,-0.9333977736311905,-0.5993730761029439,0.0,-2.285945153324126
0.9845436662836164,-0.57186276940104,-1.2961986747280732,-1.215093232412232,0.5655903757298912,2.9661580611506566,-0.43295451957572234,0.0,-1.186524976652985,0.28662952219606774,0.0,0.5483959332469494
0.9884138022248312,-0.57186276940104,0.5647181360657391,-0.1023248334298467,0.5655903757298912,1.9642603172174051,-0.43295451957572234,0.0,0.36100269636662263,-0.48288667871701796,0.0,0.5483959332469494
0.992283938166046,1.7486712783337586,0.5647181360657391,0.4222659832332778,-1.7680640316934417,-0.03953517064909744,-0.43295451957572234,0.0,0.32648535050001426,-0.527603335749894,0.0,-0.8687746100385885
1.0155047538133346,-0.57186276940104,0.5647181360657391,-0.7302441442841927,0.5655903757298912,-0.41524682462406665,-0.43295451957572234,0.0,0.499072079833056,-0.5264172924310556,0.0,-0.8687746100385885
1.0193748897545494,-0.57186276940104,0.5647181360657391,-0.5275613287552583,0.5655903757298912,-0.29000960663241027,1.8285419603357638,0.0,0.20567463996688506,-0.5105327836966111,0.0,0.5483959332469494
1.0232450256957641,-0.57186276940104,-1.2961986747280732,0.38649842755170116,0.5655903757298912,1.338074227259123,-0.43295451957572234,0.0,-1.1059845029642323,2.051574937134338,0.0,0.5483959332469494
1.027115161636979,1.7486712783337586,-1.2961986747280732,-0.09835066057633819,-1.7680640316934417,2.0894975352090617,-0.43295451957572234,0.0,-1.4626637435858518,0.28662952219606774,0.0,0.5483959332469494
1.0542061132254825,-0.57186276940104,0.5647181360657391,0.001003660761374786,0.5655903757298912,0.08570204734255897,-0.43295451957572234,0.0,0.8269868655658353,-0.2805109776585363,0.0,0.5483959332469494
1.0580762491666973,-0.57186276940104,-1.2961986747280732,-0.6030706129719201,0.5655903757298912,2.9661580611506566,-0.43295451957572234,0.0,-1.1405018488308407,0.21603170559853696,0.0,0.5483959332469494
1.0735567929315564,-0.57186276940104,0.5647181360657391,0.24342820482539446,0.5655903757298912,-0.03953517064909744,-0.43295451957572234,0.0,0.4472960610331435,0.569020788586191,0.0,-0.8687746100385885
1.0774269288727711,-0.57186276940104,0.5647181360657391,-0.19373080906054266,0.5655903757298912,0.5866509193091846,-0.43295451957572234,0.0,-0.24880374727679155,-0.52171547784566,0.0,0.5483959332469494
1.0851672007552007,-0.57186276940104,0.5647181360657391,-0.23744671044913634,0.5655903757298912,-1.4171445685573179,1.8285419603357638,0.0,0.26320354974456567,-0.6234892902526604,0.0,0.5483959332469494
1.0890373366964154,-0.57186276940104,-1.2961986747280732,-0.686528242895599,0.5655903757298912,0.711888137300841,-0.43295451957572234,0.0,-1.7100380556298784,0.21603170559853696,0.0,0.5483959332469494
1.0929074726376302,-0.57186276940104,-1.2961986747280732,-0.36064606890790046,0.5655903757298912,2.7156836251673435,-0.43295451957572234,0.0,-1.157760521764145,0.21603170559853696,0.0,0.5483959332469494
1.1006477445200598,-0.57186276940104,0.5647181360657391,0.6289229716157207,0.5655903757298912,-1.0414329145823487,-0.43295451957572234,0.0,-0.5537069690984987,-0.3964043533850429,0.0,0.5483959332469494
1.1083880164024893,1.7486712783337586,0.5647181360657391,0.1917639577297837,-1.7680640316934417,-0.03953517064909744,-0.43295451957572234,0.0,0.5105778617885921,-0.5270103140904748,0.0,-0.8687746100385885
1.112258152343704,-0.57186276940104,-1.2961986747280732,-1.3661118008455557,0.5655903757298912,-0.41524682462406665,1.8285419603357638,0.0,-1.3533588150082587,2.051574937134338,0.0,0.5483959332469494
1.1161282882849188,-0.57186276940104,0.5647181360657391,-0.2851367846912386,-1.7680640316934417,-0.41524682462406665,1.8285419603357638,0.0,1.7532023129864929,-0.5005361328664008,0.0,0.5483959332469494
1.1238685601673484,-0.57186276940104,0.5647181360657391,-0.4480778716850879,0.5655903757298912,-2.1685678765072565,-0.43295451957572234,0.0,-0.8413515179869016,1.0332014327149563,0.0,-2.285945153324126
1.1277386961085634,-0.57186276940104,-1.2961986747280732,-0.05463475918774448,0.5655903757298912,-0.03953517064909744,-0.43295451957572234,0.0,-1.2958299052305782,-1.619511525937264,0.0,0.5483959332469494
1.1316088320497781,-0.57186276940104,-1.2961986747280732,-1.4893111593043198,0.5655903757298912,-0.6657212606073795,-0.43295451957572234,0.0,-0.7723168262536849,0.21603170559853696,0.0,0.5483959332469494
1.135478967990993,-0.57186276940104,-1.2961986747280732,1.43568006087795,0.5655903757298912,-0.6657212606073795,-0.43295451957572234,0.0,-1.3993819428304033,0.21603170559853696,0.0,0.5483959332469494
1.1393491039322077,-0.57186276940104,0.5647181360657391,1.6304145306998676,0.5655903757298912,0.02308343834673077,-0.43295451957572234,0.0,0.7637050648103867,0.6537381685032282,0.0,0.5483959332469494
1.150959511755852,-0.57186276940104,0.5647181360657391,-0.2771884389842216,0.5655903757298912,-0.03953517064909744,-0.43295451957572234,0.0,-0.07621701794374981,-0.5046590453556965,0.0,0.5483959332469494
1.1548296476970668,-0.57186276940104,0.5647181360657391,0.4580335389148545,0.5655903757298912,-0.03953517064909744,-0.43295451957572234,0.0,0.010076346722771069,-0.5046590453556965,0.0,0.5483959332469494
1.1703101914619258,-0.57186276940104,0.5647181360657391,0.2672732419464456,0.5655903757298912,-0.540484042615723,1.8285419603357638,0.0,0.6601530272105617,0.6537381685032282,0.0,0.5483959332469494
1.1741803274031406,1.7486712783337586,0.5647181360657391,1.3085065295656775,0.5655903757298912,0.3361764833258718,-0.43295451957572234,0.0,1.7244378580976525,-0.5005361328664008,0.0,0.5483959332469494
1.185790735226785,1.7486712783337586,-1.2961986747280732,1.1495396154253368,-1.7680640316934417,0.2109392653342154,-0.43295451957572234,0.0,-1.1347489578530725,0.21603170559853696,0.0,0.5483959332469494
1.1935310071092144,-0.57186276940104,0.5647181360657391,-1.1236872567815361,0.5655903757298912,0.3361764833258718,-0.43295451957572234,0.0,-0.43289625856536945,-0.5252453686755365,0.0,-0.8687746100385885
1.2051414149328588,-0.57186276940104,0.5647181360657391,1.4873443079735609,0.5655903757298912,0.5866509193091846,-0.43295451957572234,0.0,-0.28907398412116797,-0.2781530105841787,0.0,0.5483959332469494
1.2090115508740735,-0.57186276940104,0.5647181360657391,-0.17385994479300004,0.5655903757298912,-0.6657212606073795,-0.43295451957572234,0.0,-0.0647112359882137,-0.5046590453556965,0.0,0.5483959332469494
1.220621958697718,-0.57186276940104,0.5647181360657391,-1.2747058252148598,0.5655903757298912,-0.03953517064909744,-0.43295451957572234,0.0,0.2401919858334934,-0.5187786086752028,0.0,0.5483959332469494
1.2244920946389328,-0.57186276940104,-1.2961986747280732,-1.5926396534955414,0.5655903757298912,-1.2919073505656615,-0.43295451957572234,0.0,-0.7147879164760043,0.004238255805944529,0.0,0.5483959332469494
1.2283622305801476,-0.57186276940104,0.5647181360657391,1.380041640928831,0.5655903757298912,0.711888137300841,-0.43295451957572234,0.0,0.3552498053888546,-0.48288667871701796,0.0,0.5483959332469494
1.2361025024625771,-0.57186276940104,0.5647181360657391,-0.7262699714306842,0.5655903757298912,-0.03953517064909744,-0.43295451957572234,0.0,0.33223824147778236,0.42782515539112936,0.0,0.5483959332469494
1.239972638403792,-0.57186276940104,0.5647181360657391,0.5255944774244993,0.5655903757298912,1.588548663242436,-0.43295451957572234,0.0,1.6323916024533636,-0.61349263942245,0.0,0.5483959332469494
1.2438427743450067,1.7486712783337586,0.5647181360657391,-1.5767429620815072,0.5655903757298912,-1.0414329145823487,-0.43295451957572234,0.0,-0.985173792431103,-0.5987800544435247,0.0,-2.285945153324126
1.2515830462274362,-0.57186276940104,0.5647181360657391,-0.8971594041315505,0.5655903757298912,-1.5423817865489744,-0.43295451957572234,0.0,-0.2027806194546471,-0.52171547784566,0.0,0.5483959332469494
1.2593233181098658,-0.57186276940104,-3.1571154855218855,-1.389956837966607,0.5655903757298912,-0.03953517064909744,-0.43295451957572234,0.0,-1.9804239315849772,3.9718355485871757,0.0,-2.285945153324126
1.2631934540510805,-0.57186276940104,0.5647181360657391,0.18778978487627518,-1.7680640316934417,0.2735578743300436,-0.43295451957572234,0.0,0.4242844971220713,-0.5252453686755365,0.0,-0.8687746100385885
1.2670635899922953,-0.57186276940104,0.5647181360657391,0.3745759089911756,0.5655903757298912,-0.03953517064909744,1.8285419603357638,0.0,0.6141298993884172,1.7903630157234738,0.0,-0.8687746100385885
1.27093372593351,-0.57186276940104,0.5647181360657391,-0.595122267264903,0.5655903757298912,0.4614137013175282,-0.43295451957572234,0.0,0.8557513204546756,-0.4387630433435612,0.0,0.5483959332469494
1.2748038618747248,-0.57186276940104,0.5647181360657391,0.08446129068505369,0.5655903757298912,-0.540484042615723,-0.43295451957572234,0.0,-0.2833210931433999,-0.2781530105841787,0.0,0.5483959332469494
1.2786739978159396,-0.57186276940104,0.5647181360657391,-0.24142088330264488,0.5655903757298912,2.465209189184031,-0.43295451957572234,0.0,0.25745065876679757,-0.5105327836966111,0.0,0.5483959332469494
1.2864142696983691,-0.57186276940104,0.5647181360657391,-0.8892110584245335,0.5655903757298912,-0.03953517064909744,-0.43295451957572234,0.0,-0.9276448826534225,-0.5993730761029439,0.0,-2.285945153324126
1.2941545415807987,-0.57186276940104,0.5647181360657391,0.4381626746473119,0.5655903757298912,-1.2919073505656615,-0.43295451957572234,0.0,-0.1855219465213429,-0.5252453686755365,0.0,0.5483959332469494
1.3018948134632282,1.7486712783337586,0.5647181360657391,-0.8733143670104994,-1.7680640316934417,-2.919991184457195,-0.43295451957572234,0.0,0.40127293321099905,0.14190399817112956,0.0,0.5483959332469494
1.3057649494044432,-0.57186276940104,0.5647181360657391,-0.08245396916230412,0.5655903757298912,-0.03953517064909744,-0.43295451957572234,0.0,0.5048249708108241,-0.5270103140904748,0.0,-0.8687746100385885
1.3135052212868727,1.7486712783337586,0.5647181360657391,-1.6244330363236095,-1.7680640316934417,-1.9180934405239436,-0.43295451957572234,0.0,-0.887374645809046,-0.5987800544435247,0.0,-2.285945153324126
1.3289857650517318,-0.57186276940104,0.5647181360657391,-1.7714774319034248,0.5655903757298912,-0.41524682462406665,-0.43295451957572234,0.0,1.6151329295200594,-0.6240823119120796,0.0,0.5483959332469494
1.3328559009929466,-0.57186276940104,0.5647181360657391,-0.5116646373412241,0.5655903757298912,-0.41524682462406665,-0.43295451957572234,0.0,0.6428943542772575,-0.5958431852730673,0.0,0.5483959332469494
1.3367260369341614,1.7486712783337586,0.5647181360657391,1.1694104796928795,-1.7680640316934417,-1.2919073505656615,-0.43295451957572234,0.0,-0.686023461587164,-0.5611372986337212,0.0,0.5483959332469494
1.3522065806990204,-0.57186276940104,0.5647181360657391,-0.11822152484388078,0.5655903757298912,-0.03953517064909744,-0.43295451957572234,0.0,-1.7042851646521104,-0.5252453686755365,0.0,-0.8687746100385885
1.3560767166402352,-0.57186276940104,-1.2961986747280732,-0.7183216257236672,0.5655903757298912,-1.5423817865489744,-0.43295451957572234,0.0,-1.284324123275042,2.051574937134338,0.0,0.5483959332469494
1.3638169885226648,-0.57186276940104,-3.1571154855218855,-0.3129559946657982,0.5655903757298912,-0.03953517064909744,-0.43295451957572234,0.0,1.3504999445427286,2.714601391491708,0.0,-2.285945153324126
1.3676871244638795,-0.57186276940104,0.5647181360657391,-1.024332935443823,0.5655903757298912,-0.41524682462406665,-0.43295451957572234,0.0,-0.07046412696598175,-0.5046590453556965,0.0,0.5483959332469494
1.3715572604050943,-0.57186276940104,-1.2961986747280732,0.6448196630297549,0.5655903757298912,1.338074227259123,-0.43295451957572234,0.0,-0.8010812811425252,0.21603170559853696,0.0,0.5483959332469494
1.3792975322875238,1.7486712783337586,0.5647181360657391,0.6368713173227378,-1.7680640316934417,0.3361764833258718,-0.43295451957572234,0.0,0.11938127530036417,-0.39346748421458566,0.0,0.5483959332469494
1.3831676682287386,-0.57186276940104,0.5647181360657391,-0.29705930325176416,0.5655903757298912,0.2109392653342154,-0.43295451957572234,0.0,-0.8988804277645822,-0.5987800544435247,0.0,-2.285945153324126
1.3909079401111681,-0.57186276940104,-1.2961986747280732,0.8236574414376382,0.5655903757298912,0.711888137300841,-0.43295451957572234,0.0,-1.1405018488308407,0.21603170559853696,0.0,0.5483959332469494
1.4063884838760274,1.7486712783337586,0.5647181360657391,-0.42820700741754525,0.5655903757298912,-0.16477238864075383,-0.43295451957572234,0.0,-0.13949881869919845,-0.6346719844017094,0.0,0.5483959332469494
1.4102586198172422,-0.57186276940104,0.5647181360657391,-0.20962750047457673,0.5655903757298912,0.3361764833258718,-0.43295451957572234,0.0,-0.2430508562990235,-0.52171547784566,0.0,0.5483959332469494
1.4179988916996717,-0.57186276940104,0.5647181360657391,0.7998124043165871,-1.7680640316934417,-1.2919073505656615,-0.43295451957572234,0.0,-0.15100460065473456,-0.52171547784566,0.0,0.5483959332469494
1.4218690276408865,-0.57186276940104,-1.2961986747280732,0.29906662477451373,0.5655903757298912,1.338074227259123,-0.43295451957572234,0.0,-1.1980307586085213,0.21603170559853696,0.0,0.5483959332469494
1.429609299523316,-0.57186276940104,0.5647181360657391,-1.7833999504639502,0.5655903757298912,-0.29000960663241027,-0.43295451957572234,0.0,-0.1337459277214304,-0.5058309691112155,0.0,0.5483959332469494
1.4334794354645308,-0.57186276940104,0.5647181360657391,0.06459042641751109,0.5655903757298912,1.338074227259123,-0.43295451957572234,0.0,0.9017744482768202,1.7903630157234738,0.0,0.5483959332469494
1.4373495714057456,-0.57186276940104,-1.2961986747280732,1.2091522082279647,0.5655903757298912,0.8371253552924974,-0.43295451957572234,0.0,-0.8068341721202932,-0.1369573773891171,0.0,0.5483959332469494
1.4450898432881751,-0.57186276940104,0.5647181360657391,1.411835023756899,0.5655903757298912,0.2735578743300436,-0.43295451957572234,0.0,0.3725084783221588,-0.48288667871701796,0.0,0.5483959332469494
1.4528301151706047,-0.57186276940104,0.5647181360657391,-0.41628448885701974,-1.7680640316934417,-0.6657212606073795,-0.43295451957572234,0.0,1.776213876897565,-0.5005361328664008,0.0,0.5483959332469494
1.4605703870530342,-0.57186276940104,0.5647181360657391,-0.3487235503473749,0.5655903757298912,1.8390230992257488,-0.43295451957572234,0.0,1.0398438317432535,-0.7087996918291166,0.0,0.5483959332469494
1.4721807948766785,1.7486712783337586,0.5647181360657391,0.13612553778066444,0.5655903757298912,-0.16477238864075383,-0.43295451957572234,0.0,-0.5364482961651945,-0.3964043533850429,0.0,0.5483959332469494
1.4760509308178933,-0.57186276940104,-3.1571154855218855,0.8713475156797404,0.5655903757298912,1.2128370092674667,-0.43295451957572234,0.0,-1.5259455443413006,-1.619511525937264,0.0,0.5483959332469494
1.4876613386415378,-0.57186276940104,0.5647181360657391,-0.8295984656219056,0.5655903757298912,-0.03953517064909744,-0.43295451957572234,0.0,0.49331918885528797,-0.6382018752315858,0.0,-0.8687746100385885
1.4992717464651821,1.7486712783337586,0.5647181360657391,0.22753151341136038,0.5655903757298912,-0.03953517064909744,-0.43295451957572234,0.0,0.45880184298867965,-0.5252453686755365,0.0,-0.8687746100385885
1.5070120183476117,1.7486712783337586,0.5647181360657391,1.6582337406744272,-1.7680640316934417,-1.6676190045406307,1.8285419603357638,0.0,-1.0024324653644072,0.42135839539079556,0.0,-2.285945153324126
1.5147522902300412,-0.57186276940104,0.5647181360657391,1.00646939269903,0.5655903757298912,-0.03953517064909744,-0.43295451957572234,0.0,-0.9391506646089586,-0.5987800544435247,0.0,-2.285945153324126
1.518622426171256,-0.57186276940104,0.5647181360657391,-1.628407209177118,0.5655903757298912,-0.6657212606073795,-0.43295451957572234,0.0,-0.11648725478812622,-0.5105327836966111,0.0,0.5483959332469494
1.5224925621124707,-0.57186276940104,0.5647181360657391,-1.7476323947823735,0.5655903757298912,-1.2919073505656615,-0.43295451957572234,0.0,-1.46841663456362,-0.44758777041825254,0.0,0.5483959332469494
1.5302328339949003,-0.57186276940104,0.5647181360657391,0.7123806015393997,0.5655903757298912,-0.9161956965906923,-0.43295451957572234,0.0,-0.5422011871429625,-0.3964043533850429,0.0,0.5483959332469494
1.534102969936115,-0.57186276940104,0.5647181360657391,1.1574879611323539,0.5655903757298912,-0.03953517064909744,-0.43295451957572234,0.0,0.7061761550327061,-0.48288667871701796,0.0,0.5483959332469494
1.5457133777597594,-0.57186276940104,0.5647181360657391,-1.7794257776104419,0.5655903757298912,-1.0414329145823487,-0.43295451957572234,0.0,1.6381444934311316,-0.5005361328664008,0.0,0.5483959332469494
1.5495835137009741,-0.57186276940104,-1.2961986747280732,0.4182918103797693,0.5655903757298912,-1.5423817865489744,-0.43295451957572234,0.0,1.4770635460536259,-0.1369573773891171,0.0,0.5483959332469494
1.553453649642189,1.7486712783337586,-3.1571154855218855,1.0939011954762174,-1.7680640316934417,0.2109392653342154,-0.43295451957572234,0.0,-1.8135900932297035,2.757553103109646,0.0,-2.285945153324126
1.5573237855834037,-0.57186276940104,0.5647181360657391,0.04869373500347701,0.5655903757298912,0.7745067462966693,-0.43295451957572234,0.0,-0.9046333187423502,-0.7105646372440549,0.0,-2.285945153324126
1.5611939215246184,-0.57186276940104,0.5647181360657391,-1.0720230096859253,0.5655903757298912,-1.4171445685573179,-0.43295451957572234,0.0,-0.5652127510540348,-0.3964043533850429,0.0,0.5483959332469494
1.5650640574658332,-0.57186276940104,0.5647181360657391,-1.8231416789990356,0.5655903757298912,1.7137858812340923,-0.43295451957572234,0.0,1.1549016512986148,-0.5534844953145489,0.0,0.5483959332469494
1.5728043293482628,-0.57186276940104,0.5647181360657391,0.19971230343680074,0.5655903757298912,0.8371253552924974,-0.43295451957572234,0.0,-0.018688108166069223,-0.5046590453556965,0.0,-2.285945153324126
1.5998952809367664,-0.57186276940104,-1.2961986747280732,-1.2468866152403002,-1.7680640316934417,1.9642603172174051,1.8285419603357638,0.0,-1.2555596683862018,2.051574937134338,0.0,0.5483959332469494
1.6192459606428402,-0.57186276940104,0.5647181360657391,0.8475024785586893,0.5655903757298912,-0.03953517064909744,-0.43295451957572234,0.0,-1.0599613751420878,-0.5987800544435247,0.0,-2.285945153324126
1.623116096584055,-0.57186276940104,0.5647181360657391,-0.5315355016087667,0.5655903757298912,1.588548663242436,4.09003844024725,0.0,0.2114275309446531,0.3725188258686237,0.0,0.5483959332469494
1.6269862325252697,-0.57186276940104,-1.2961986747280732,-0.6984507614561246,0.5655903757298912,-0.9161956965906923,1.8285419603357638,0.0,-0.8125870630980613,0.004238255805944529,0.0,0.5483959332469494
1.638596640348914,-0.57186276940104,-1.2961986747280732,-0.6905024157491075,0.5655903757298912,-0.540484042615723,-0.43295451957572234,0.0,-1.3936290518526353,0.21603170559853696,0.0,0.5483959332469494
1.6424667762901288,1.7486712783337586,-1.2961986747280732,-1.3382925908709962,-1.7680640316934417,1.7137858812340923,-0.43295451957572234,0.0,-1.359111705986027,0.21603170559853696,0.0,0.5483959332469494
1.6463369122313436,1.7486712783337586,-1.2961986747280732,-0.9090819226920761,-1.7680640316934417,-0.16477238864075383,1.8285419603357638,0.0,1.5518511287646108,0.3372199175698583,0.0,-2.285945153324126
1.6540771841137731,-0.57186276940104,0.5647181360657391,1.7138721606235465,0.5655903757298912,-0.03953517064909744,-0.43295451957572234,0.0,-0.30633265705447216,-0.2781530105841787,0.0,0.5483959332469494
1.6618174559962027,-0.57186276940104,0.5647181360657391,-1.5886654806420328,0.5655903757298912,-0.29000960663241027,-0.43295451957572234,0.0,0.14239283921143642,-0.5046590453556965,0.0,0.5483959332469494
1.6734278638198472,-0.57186276940104,0.5647181360657391,1.4992668265340865,0.5655903757298912,2.3399719711923743,-0.43295451957572234,0.0,-0.3408500029210805,-0.3487508271817095,0.0,0.5483959332469494
1.677297999761062,1.7486712783337586,-1.2961986747280732,-1.8072449875850014,-1.7680640316934417,-0.03953517064909744,1.8285419603357638,0.0,1.2239363430318313,1.7691836707442148,0.0,-2.285945153324126
1.6811681357022767,1.7486712783337586,0.5647181360657391,0.4461110203543289,-1.7680640316934417,-1.6676190045406307,-0.43295451957572234,0.0,-0.9621622285200309,-0.5993730761029439,0.0,-2.285945153324126
1.6850382716434915,-0.57186276940104,0.5647181360657391,-0.5871739215578861,0.5655903757298912,-1.0414329145823487,-0.43295451957572234,0.0,0.8154810836102993,-0.2293275606253263,0.0,0.5483959332469494
1.6889084075847063,-0.57186276940104,0.5647181360657391,0.7878898857560616,0.5655903757298912,-1.1666701325740052,-0.43295451957572234,0.0,-0.02444099914383728,-0.5046590453556965,0.0,0.5483959332469494
1.692778543525921,-0.57186276940104,0.5647181360657391,-0.030789722066693368,0.5655903757298912,-0.03953517064909744,-0.43295451957572234,0.0,0.004323455745003011,-0.5046590453556965,0.0,0.5483959332469494
1.7043889513495654,-0.57186276940104,0.5647181360657391,0.20368647629030925,0.5655903757298912,0.5866509193091846,-0.43295451957572234,0.0,0.18266307605581283,-0.5046590453556965,0.0,0.5483959332469494
1.7082590872907801,-0.57186276940104,0.5647181360657391,-1.0561263182718912,-1.7680640316934417,-0.7909584785990359,-0.43295451957572234,0.0,0.8384926475213715,-0.13459941031475953,0.0,0.5483959332469494
1.712129223231995,-0.57186276940104,-1.2961986747280732,-1.5807171349350158,0.5655903757298912,-0.03953517064909744,-0.43295451957572234,0.0,1.1664074332541507,-0.1369573773891171,0.0,0.5483959332469494
1.7159993591732097,-0.57186276940104,0.5647181360657391,1.3283773938332202,0.5655903757298912,-0.41524682462406665,-0.43295451957572234,0.0,1.6554031663644357,-0.6240823119120796,0.0,0.5483959332469494
1.7237396310556392,-0.57186276940104,-1.2961986747280732,0.35470504472363296,0.5655903757298912,-0.16477238864075383,-0.43295451957572234,0.0,-1.5029339804302284,0.21603170559853696,0.0,0.5483959332469494
1.7392201748204983,-0.57186276940104,0.5647181360657391,-0.9488236512271613,0.5655903757298912,0.4614137013175282,-0.43295451957572234,0.0,0.596871226455113,-0.5252453686755365,0.0,-0.8687746100385885
